timestamp,altitude,heart_rate,cadence,distance,speed,power,temperature
2023-09-12T09:08:15,1474,125,,0,0,,21
2023-09-12T09:08:16,1474,123,,0,0,,21
2023-09-12T09:12:02,1474,110,,0.29,0,,23
2023-09-12T09:12:03,1474,107,,0.69,0,,23
2023-09-12T09:13:47,1474.2,118,,0.69,7.556,,23
2023-09-12T09:13:49,1474.2,120,,8.61,13.536,,23
2023-09-12T09:13:51,1474.2,124,,21.89,20.153,,23
2023-09-12T09:13:52,1474.2,127,,28.67,21.701,,23
2023-09-12T09:13:53,1474.2,127,,35.55,23.076,,23
2023-09-12T09:13:55,1474.2,132,,50.68,26.068,,23
2023-09-12T09:13:58,1474.6,137,,75.56,31.172,,23
2023-09-12T09:14:00,1474.6,142,,92.94,32.85,,23
2023-09-12T09:14:03,1474.8,146,,120.23,34.834,,23
2023-09-12T09:14:05,1474.8,151,,140.54,36.914,,23
2023-09-12T09:14:07,1474.8,154,,160.17,37.757,,23
2023-09-12T09:14:09,1474.8,157,,180.69,39.031,,23
2023-09-12T09:14:13,1474.8,158,,222.43,40.039,,23
2023-09-12T09:14:19,1474.8,159,,286.59,38.664,,23
2023-09-12T09:14:21,1474.8,160,,310.26,39.604,,23
2023-09-12T09:14:27,1474.6,161,,378.47,41.08,,23
2023-09-12T09:14:30,1474.6,161,,414.86,42.66,,23
2023-09-12T09:14:35,1474.4,162,,477,43.567,,23
2023-09-12T09:14:38,1474.4,163,,515.46,45.281,,23
2023-09-12T09:14:43,1474.4,165,,579.58,44.878,,23
2023-09-12T09:14:46,1474.4,166,,619.29,45.85,,23
2023-09-12T09:14:51,1474,167,,686.07,47.027,,23
2023-09-12T09:14:53,1474,167,,714.1,47.398,,23
2023-09-12T09:14:58,1473.8,168,,783.71,50.083,,23
2023-09-12T09:15:00,1473.8,168,,813.21,49.547,,23
2023-09-12T09:15:05,1473.6,169,,885.7,50.688,,23
2023-09-12T09:15:07,1473.6,169,,915.16,50.857,,23
2023-09-12T09:15:12,1473.2,169,,986.01,50.857,,23
2023-09-12T09:15:14,1473.2,169,,1013.64,48.269,,23
2023-09-12T09:15:16,1473,169,,1043.46,50.688,,23
2023-09-12T09:15:20,1472.6,170,,1103.87,50.857,,23
2023-09-12T09:15:24,1472.4,170,,1166.86,53.006,,23
2023-09-12T09:15:27,1472.2,170,,1214.99,54.518,,23
2023-09-12T09:15:31,1472,170,,1275.51,53.41,,23
2023-09-12T09:15:33,1472,170,,1307.9,53.442,,23
2023-09-12T09:15:35,1472,171,,1341,53.071,,23
2023-09-12T09:15:39,1471.8,171,,1401.91,53.644,,23
2023-09-12T09:15:41,1471.8,171,,1433.1,53.978,,23
2023-09-12T09:15:45,1471.4,171,,1497.49,55.256,,23
2023-09-12T09:15:48,1471.4,171,,1545.8,55.861,,23
2023-09-12T09:15:52,1471,172,,1611.81,56.398,,22
2023-09-12T09:15:55,1471,172,,1658.3,55.289,,22
2023-09-12T09:15:56,1471,172,,1675.79,55.962,,22
2023-09-12T09:16:00,1470.6,171,,1745.38,57.575,,22
2023-09-12T09:16:03,1470.4,172,,1798.18,57.506,,22
2023-09-12T09:16:07,1470.2,172,,1867.25,58.345,,22
2023-09-12T09:16:09,1470,172,,1899.42,57.64,,22
2023-09-12T09:16:11,1469.8,172,,1933.31,59.756,,22
2023-09-12T09:16:14,1469.8,173,,1980.85,57.172,,22
2023-09-12T09:16:18,1469.2,173,,2042.56,57.002,,22
2023-09-12T09:16:20,1468.8,173,,2075.51,58.615,,22
2023-09-12T09:16:24,1468.2,173,,2139.67,57.575,,22
2023-09-12T09:16:28,1468.2,174,,2207.62,59.087,,22
2023-09-12T09:16:31,1467.8,174,,2258.72,58.313,,22
2023-09-12T09:16:35,1467.4,174,,2326.31,60.026,,22
2023-09-12T09:16:39,1467,174,,2391.93,57.91,,22
2023-09-12T09:16:41,1467,174,,2425.51,57.406,,22
2023-09-12T09:16:45,1466.8,173,,2492.96,59.188,,22
2023-09-12T09:16:47,1466.4,173,,2529.26,58.547,,22
2023-09-12T09:16:50,1466,173,,2593.08,60.26,,22
2023-09-12T09:16:52,1465.6,173,,2627.84,61.034,,22
2023-09-12T09:16:54,1465.4,173,,2665.8,60.095,,22
2023-09-12T09:16:58,1464.8,173,,2734.24,60.196,,22
2023-09-12T09:17:00,1464.6,173,,2769.09,60.296,,22
2023-09-12T09:17:03,1464.4,173,,2825.09,61.873,,22
2023-09-12T09:17:06,1464.2,173,,2876.11,60.664,,22
2023-09-12T09:17:10,1463.8,172,,2947.32,61.906,,22
2023-09-12T09:17:11,1463.6,172,,2964.96,61.906,,22
2023-09-12T09:17:13,1463.4,172,,3000.94,64.058,,22
2023-09-12T09:17:16,1462.8,171,,3055.43,62.446,,22
2023-09-12T09:17:20,1462.2,171,,3124.73,63.083,,22
2023-09-12T09:17:24,1461.6,171,,3193.21,61.672,,22
2023-09-12T09:17:28,1461.2,172,,3262.04,61.236,,22
2023-09-12T09:17:30,1461,172,,3296.64,61.639,,22
2023-09-12T09:17:34,1460.2,173,,3370.19,61.47,,22
2023-09-12T09:17:35,1460.2,172,,3388.37,62.813,,22
2023-09-12T09:17:36,1460,172,,3406.76,62.579,,22
2023-09-12T09:17:40,1459.6,172,,3480.48,63.353,,22
2023-09-12T09:17:43,1459.2,173,,3534.16,62.546,,22
2023-09-12T09:17:44,1459,173,,3552.14,62.647,,22
2023-09-12T09:17:48,1458.2,172,,3628.02,62.446,,22
2023-09-12T09:17:49,1458,172,,3646.13,62.611,,22
2023-09-12T09:17:50,1457.8,172,,3664.82,64.393,,22
2023-09-12T09:17:54,1457.4,173,,3741.55,65.603,,22
2023-09-12T09:17:55,1457.2,173,,3760.18,64.462,,22
2023-09-12T09:17:57,1456.8,173,,3798.13,65.768,,22
2023-09-12T09:18:01,1456.4,173,,3873.36,66.208,,22
2023-09-12T09:18:02,1456.2,173,,3891.69,64.26,,22
2023-09-12T09:18:06,1456.2,173,,3968.61,66.51,,22
2023-09-12T09:18:07,1456,173,,3987.62,66.978,,22
2023-09-12T09:18:08,1456,173,,4005,66.676,,22
2023-09-12T09:18:12,1455.6,173,,4077.02,66.474,,22
2023-09-12T09:18:14,1455.2,173,,4113.55,65.434,,22
2023-09-12T09:18:15,1455,174,,4131.72,65.603,,22
2023-09-12T09:18:19,1454.6,174,,4206,65.938,,22
2023-09-12T09:18:23,1454.2,174,,4281.18,66.107,,22
2023-09-12T09:18:25,1454,174,,4319.29,65.57,,22
2023-09-12T09:18:26,1453.8,174,,4337.62,65.837,,22
2023-09-12T09:18:30,1453,174,,4408.72,64.494,,22
2023-09-12T09:18:31,1452.8,174,,4427.18,65.066,,22
2023-09-12T09:18:35,1452.6,174,,4499.88,63.958,,22
2023-09-12T09:18:36,1452.4,174,,4517.1,62.95,,22
2023-09-12T09:18:39,1451.8,173,,4573.4,63.688,,22
2023-09-12T09:18:42,1451.4,173,,4633.84,65.268,,22
2023-09-12T09:18:46,1451,173,,4709.85,65.2,,22
2023-09-12T09:18:48,1450.8,173,,4746.23,64.764,,22
2023-09-12T09:18:49,1450.8,173,,4764.67,65.97,,22
2023-09-12T09:18:53,1450.2,174,,4838.32,64.865,,22
2023-09-12T09:18:54,1450,175,,4857.32,64.627,,22
2023-09-12T09:18:56,1449.8,175,,4895.49,65.369,,22
2023-09-12T09:18:59,1449.4,175,,4953.28,66.913,,22
2023-09-12T09:19:03,1449.2,176,,5031.79,67.518,,21
2023-09-12T09:19:05,1449.2,176,,5069.53,65.905,,21
2023-09-12T09:19:08,1448.6,176,,5134.51,67.921,,21
2023-09-12T09:19:12,1448,177,,5213.37,67.784,,21
2023-09-12T09:19:15,1447.4,178,,5275.94,68.288,,21
2023-09-12T09:19:17,1447,177,,5315.98,68.994,,21
2023-09-12T09:19:20,1446.4,177,,5376.74,68.828,,21
2023-09-12T09:19:21,1446.2,177,,5396.78,70.474,,21
2023-09-12T09:19:22,1446,178,,5415.98,68.558,,21
2023-09-12T09:19:26,1445.6,178,,5491.11,68.591,,21
2023-09-12T09:19:28,1445.4,178,,5528.92,68.288,,21
2023-09-12T09:19:29,1445.2,178,,5547.28,67.752,,21
2023-09-12T09:19:33,1444.8,179,,5621.65,67.518,,21
2023-09-12T09:19:34,1444.8,179,,5640.74,68.087,,21
2023-09-12T09:19:38,1444.6,179,,5716.79,67.651,,21
2023-09-12T09:19:40,1444.4,179,,5756.16,68.389,,21
2023-09-12T09:19:43,1444,179,,5812.13,67.784,,21
2023-09-12T09:19:44,1443.8,179,,5831,67.72,,21
2023-09-12T09:19:48,1443.2,179,,5908.73,66.409,,21
2023-09-12T09:19:49,1443,179,,5928.89,68.022,,21
2023-09-12T09:19:50,1442.8,180,,5948.93,69.296,,21
2023-09-12T09:19:54,1442.4,180,,6023.93,66.676,,21
2023-09-12T09:19:57,1442.2,180,,6079.8,67.885,,21
2023-09-12T09:19:59,1441.8,180,,6119.94,67.752,,21
2023-09-12T09:20:02,1441,180,,6182.9,68.692,,21
2023-09-12T09:20:03,1440.8,180,,6204.09,68.49,,21
2023-09-12T09:20:07,1440.6,180,,6280.52,67.784,,21
2023-09-12T09:20:08,1440.6,180,,6298.78,66.611,,21
2023-09-12T09:20:10,1440.6,180,,6337.85,67.684,,21
2023-09-12T09:20:13,1440.4,180,,6398.33,68.526,,21
2023-09-12T09:20:16,1439.6,180,,6458.66,69.635,,21
2023-09-12T09:20:20,1439.4,180,,6537.3,69.264,,21
2023-09-12T09:20:21,1439.4,180,,6556.37,69.264,,21
2023-09-12T09:20:23,1439.2,180,,6594.33,67.28,,21
2023-09-12T09:20:26,1439,181,,6655.93,68.49,,21
2023-09-12T09:20:30,1438.8,180,,6731.36,67.986,,21
2023-09-12T09:20:33,1438.4,181,,6791.42,68.123,,21
2023-09-12T09:20:34,1438.4,181,,6811.12,67.684,,21
2023-09-12T09:20:35,1438.2,181,,6831.06,68.692,,21
2023-09-12T09:20:39,1437.6,181,,6908.88,67.684,,21
2023-09-12T09:20:42,1437.6,182,,6963.81,67.381,,21
2023-09-12T09:20:45,1437.2,182,,7021.13,67.046,,21
2023-09-12T09:20:46,1437,182,,7045.4,69.397,,21
2023-09-12T09:20:49,1436.6,182,,7112.79,69.736,,21
2023-09-12T09:20:52,1436.4,182,,7172.24,70.034,,21
2023-09-12T09:20:55,1436,183,,7231.75,71.244,,21
2023-09-12T09:20:59,1435.4,183,,7308.85,70.304,,21
2023-09-12T09:21:03,1435,183,,7388.04,71.413,,21
2023-09-12T09:21:04,1434.8,183,,7407.38,70.506,,21
2023-09-12T09:21:08,1434.6,184,,7485.68,69.397,,21
2023-09-12T09:21:10,1434.4,185,,7524.92,69.466,,21
2023-09-12T09:21:14,1434.2,185,,7603.37,68.728,,21
2023-09-12T09:21:16,1434,185,,7642.58,69.232,,21
2023-09-12T09:21:17,1434,185,,7661.06,68.458,,21
2023-09-12T09:21:21,1433.8,185,,7737.94,68.123,,21
2023-09-12T09:21:23,1433.6,185,,7777.73,70.103,,21
2023-09-12T09:21:27,1433,185,,7854.39,68.792,,21
2023-09-12T09:21:29,1433,185,,7892.81,67.619,,21
2023-09-12T09:21:33,1432.4,185,,7970.58,65.603,,21
2023-09-12T09:21:35,1432.2,184,,8006.35,66.744,,21
2023-09-12T09:21:38,1431.8,184,,8066.56,67.752,,21
2023-09-12T09:21:41,1431.4,184,,8124.02,67.921,,21
2023-09-12T09:21:45,1431,185,,8199.2,67.349,,21
2023-09-12T09:21:48,1430.8,185,,8262.34,66.744,,21
2023-09-12T09:21:52,1430.4,186,,8339.05,68.76,,21
2023-09-12T09:21:54,1430.2,186,,8377.73,67.784,,21
2023-09-12T09:21:56,1430,186,,8423.39,68.256,,21
2023-09-12T09:21:59,1429.8,183,,8485.69,67.216,,21
2023-09-12T09:22:00,1429.8,183,,8505.16,68.155,,21
2023-09-12T09:22:04,1429.6,181,,8579.68,65.57,,21
2023-09-12T09:22:05,1429.6,181,,8596.76,64.526,,21
2023-09-12T09:22:09,1429,180,,8667.09,62.345,,21
2023-09-12T09:22:12,1428.8,177,,8720.22,61.268,,21
2023-09-12T09:22:16,1428.8,175,,8786.42,60.397,,21
2023-09-12T09:22:17,1428.6,175,,8803.23,60.059,,21
2023-09-12T09:22:20,1428.2,174,,8851.89,55.66,,21
2023-09-12T09:22:22,1427.8,173,,8882.75,55.458,,21
2023-09-12T09:22:27,1427,173,,8950.71,49.748,,21
2023-09-12T09:22:28,1426.8,172,,8963.11,48.841,,21
2023-09-12T09:22:33,1426.2,172,,9028.29,49.511,,21
2023-09-12T09:22:34,1426,172,,9041.99,48.236,,21
2023-09-12T09:22:39,1425.8,173,,9105.88,47.462,,21
2023-09-12T09:22:41,1425.6,174,,9133.1,46.523,,21
2023-09-12T09:22:46,1425.6,174,,9198.92,46.253,,21
2023-09-12T09:22:48,1425.6,175,,9225.47,47.196,,21
2023-09-12T09:22:53,1425.6,173,,9291.27,45.212,,21
2023-09-12T09:22:58,1425.4,172,,9356.61,40.039,,21
2023-09-12T09:22:59,1425.4,171,,9368,38.192,,21
2023-09-12T09:23:00,1425.2,171,,9377.44,36.612,,21
2023-09-12T09:23:04,1424.8,169,,9403.34,24.656,,21
2023-09-12T09:23:05,1424.6,169,,9404.58,19.346,,21
2023-09-12T09:23:07,1424.4,169,,9410.55,17.197,,21
2023-09-12T09:23:08,1424.2,168,,9414.94,16.427,,21
2023-09-12T09:23:11,1423.6,167,,9423.92,11.52,,21
2023-09-12T09:23:14,1423,166,,9427.58,5.81,,21
2023-09-12T09:23:15,1422.6,165,,9427.96,3.863,,21
2023-09-12T09:23:17,1422.4,164,,9427.96,0,,21
