tempo,velocit√†,latitudine,longitudine
2505.916086,10.370000000000001,45.473135,8.282067
2506.94262,13.51,45.473102999999995,8.282067999999999
2507.972719,16.66,45.473061,8.282071
2509.00286,20.18,45.473009,8.282078
2509.930437,25.740000000000002,45.472947999999995,8.282089
2510.962775,25.92,45.472882,8.282105999999999
2511.992659,27.03,45.472815,8.28213
2512.93065,27.59,45.472747,8.282155999999999
2513.960831,27.78,45.47268,8.282181999999999
2514.992692,28.150000000000002,45.472612,8.282211
2515.920827,28.330000000000002,45.472545,8.282243
2516.958541,28.52,45.472479,8.282278
2517.988836,28.7,45.472412,8.282314
2518.918821,28.89,45.472345,8.28235
2519.948887,28.7,45.472277,8.282387
2520.978878,28.89,45.472209,8.282423
2521.908402,29.26,45.472139,8.282459
2522.934931,29.810000000000002,45.472069,8.282497
2523.968879,30.55,45.472,8.282539
2524.999186,30.37,45.471931,8.282584
2525.928907,30.55,45.471863,8.282634
2526.957075,30.740000000000002,45.471796999999995,8.282686
2527.988957,30.740000000000002,45.471731999999996,8.28274
2528.917036,30.55,45.471667,8.282797
2529.955131,30.55,45.471602,8.282853
2530.98498,30.740000000000002,45.471536,8.28291
2531.921168,30.740000000000002,45.471469,8.282964999999999
2532.952989,30.55,45.471402,8.283019
2533.983042,31.11,45.471333,8.283073
2534.912633,31.85,45.471264999999995,8.283133
2535.945266,32.22,45.471199999999996,8.283197
2536.975097,32.22,45.471137,8.283265
2537.906684,32.03,45.471077,8.283337
2538.937138,31.85,45.471018,8.28341
2539.967237,31.85,45.47096,8.283484999999999
2540.997119,32.03,45.470901,8.28356
2541.925275,32.22,45.470841,8.283638
2542.951279,32.4,45.470780999999995,8.283716
2543.983044,32.22,45.470721999999995,8.283794
2544.911325,32.4,45.470662,8.283873
2545.939207,32.4,45.470603999999994,8.283953
2546.969449,32.96,45.470545,8.284034
2548.001638,33.15,45.470487999999996,8.284119
2548.931135,33.15,45.470433,8.284203999999999
2549.957332,32.96,45.470382,8.284293
2550.981533,32.78,45.470332,8.284384
2551.911448,33.15,45.470282999999995,8.284476
2552.939575,32.78,45.470236,8.284571
2553.96549,32.96,45.470189,8.284668
2554.995446,33.15,45.470144,8.284765
2555.923551,33.33,45.470099,8.284866
2556.953641,33.52,45.470054,8.284967
2557.989522,33.33,45.470009999999995,8.285067
2558.919062,32.96,45.469966,8.285167999999999
2559.949514,33.15,45.469921,8.285268
2560.979525,33.89,45.469877,8.285371
2561.907563,34.07,45.469837,8.285478
2562.931769,34.63,45.4698,8.285587
2563.959771,34.44,45.469767999999995,8.285698
2564.985626,34.07,45.469738,8.285808
2565.913737,33.89,45.469708999999995,8.285917999999999
2566.945679,33.52,45.46968,8.286029
2567.975852,33.52,45.46965,8.286140999999999
2568.90576,32.96,45.469618,8.286252
2569.935816,34.44,45.469587,8.286367
2570.969573,35.0,45.469561999999996,8.286486
2571.99793,34.07,45.469539,8.286603999999999
2572.923961,33.7,45.469516,8.286719999999999
2573.953781,32.96,45.469493,8.286837
2574.988022,33.33,45.469471,8.286954999999999
2575.91939,33.89,45.469449999999995,8.287075
2576.949859,33.89,45.469432,8.287196
2577.97989,34.44,45.469417,8.287317999999999
2578.905849,34.07,45.469406,8.287439
2579.933972,34.26,45.469397,8.287561
2580.964124,34.26,45.469392,8.287684
2581.992213,33.89,45.469387999999995,8.287806999999999
2582.922054,33.89,45.469384,8.28793
2583.948166,33.89,45.469378999999996,8.288053999999999
2584.981965,34.07,45.469373999999995,8.288178
2585.90959,33.89,45.469369,8.288300999999999
2586.938037,34.81,45.469366,8.288427
2587.962067,35.74,45.469367999999996,8.288554
2588.990078,35.92,45.469376,8.28868
2589.919634,35.37,45.469386,8.288803
2590.948107,34.26,45.469397,8.288924
2591.986126,34.44,45.469408,8.289045
2592.91413,34.07,45.46942,8.289168
2593.942107,34.07,45.469431,8.289292
2594.974348,34.44,45.469443999999996,8.289415
2596.004371,35.74,45.46946,8.289541
2596.934301,35.74,45.46948,8.289665
2597.962242,35.37,45.469502,8.289786
2598.990605,35.37,45.469525,8.289907
2599.918398,34.63,45.469547,8.290028
2600.946125,35.18,45.469569,8.290149999999999
2601.974339,34.63,45.469591,8.290270999999999
2602.998326,35.37,45.469615,8.290394
2603.926345,35.92,45.469640999999996,8.290517
2604.952318,35.92,45.46967,8.290638
2605.982392,35.92,45.469701,8.290758
2606.907968,35.92,45.469733999999995,8.290877
2607.938424,35.92,45.469769,8.290996
2608.968315,35.74,45.469803,8.291114
2609.994838,36.29,45.469839,8.291233
2610.920575,36.29,45.469876,8.291352999999999
2611.950615,36.660000000000004,45.469913,8.291473
2612.980719,36.11,45.46995,8.291594
2613.912653,36.480000000000004,45.469986,8.291715
2614.942542,36.29,45.470022,8.291836
2615.972398,37.04,45.470057,8.291959
2617.000894,36.85,45.470093999999996,8.292083
2617.930807,37.410000000000004,45.47013,8.292206
2618.956634,37.04,45.470167,8.292329
2619.984751,37.410000000000004,45.470203999999995,8.292451
2620.912787,37.04,45.470242,8.292572999999999
2621.946712,37.22,45.470279999999995,8.292694
2622.976555,37.04,45.470318999999996,8.292814
2623.908326,37.22,45.470358,8.292933999999999
2624.938567,37.04,45.470399,8.293054
2625.966794,37.22,45.470439,8.293173
2626.994986,37.59,45.470479,8.293293
2627.922905,37.78,45.47052,8.293413
2628.957003,37.78,45.47056,8.293534
2629.980928,37.410000000000004,45.470600999999995,8.293652
2630.908972,37.22,45.470642,8.29377
2631.942902,36.660000000000004,45.470682,8.293887
2632.974856,36.480000000000004,45.47072,8.294005
2634.005018,36.480000000000004,45.470755999999994,8.294126
2634.933022,36.85,45.470791999999996,8.294247
2635.959081,36.480000000000004,45.470825999999995,8.294368
2636.991183,37.410000000000004,45.470861,8.294492
2637.917146,37.22,45.470897,8.294614
2638.943025,37.59,45.470935,8.294735
2639.971118,37.22,45.470974,8.294853999999999
2640.997066,37.04,45.471013,8.294972
2641.927252,36.480000000000004,45.471053,8.295088999999999
2642.959205,36.660000000000004,45.471092999999996,8.295206
2643.983301,35.92,45.471131,8.295321999999999
2644.911296,35.74,45.471168,8.295437999999999
2645.943262,35.92,45.471202999999996,8.295556
2646.975014,36.480000000000004,45.471239,8.295677
2648.003268,36.29,45.471275999999996,8.295797
2648.933372,36.660000000000004,45.471312,8.295919
2649.963396,36.660000000000004,45.471349,8.296039
2650.991427,36.85,45.471385999999995,8.296159
2651.916853,36.660000000000004,45.471423,8.296279
2652.947306,37.410000000000004,45.471461999999995,8.2964
2653.979305,37.22,45.471503999999996,8.296517
2654.907492,36.85,45.471547,8.296633
2655.939449,36.480000000000004,45.471588999999994,8.296747
2656.971382,36.29,45.471630999999995,8.296861999999999
2657.999639,36.11,45.471671,8.296978
2658.933408,36.29,45.471711,8.297094999999999
2659.961416,36.29,45.471751,8.297213
2660.987459,36.29,45.47179,8.297331999999999
2661.915048,36.29,45.471827,8.297450999999999
2662.94765,36.660000000000004,45.471865,8.297573
2663.975495,36.660000000000004,45.471900999999995,8.297695
2665.005706,37.22,45.471939,8.297817
2665.933641,37.22,45.471976,8.297937
2666.967559,37.59,45.472015,8.298059
2667.995559,37.22,45.472052999999995,8.298178
2668.921654,37.59,45.472091,8.298297
2669.949634,37.04,45.47213,8.298414
2670.975736,36.29,45.472167,8.298529
2671.905754,36.29,45.472204,8.298645
2672.935857,36.11,45.47224,8.298763
2673.965559,36.480000000000004,45.472276,8.298881999999999
2674.991891,36.29,45.472311999999995,8.299002
2675.919835,36.480000000000004,45.472348,8.299121
2676.947938,36.480000000000004,45.472384,8.29924
2677.973864,36.85,45.472421,8.299358999999999
2678.905977,36.660000000000004,45.472457999999996,8.299477999999999
2679.935622,37.04,45.472496,8.299597
2680.967815,36.85,45.472533999999996,8.299714
2681.992148,37.22,45.472573999999994,8.299831
2682.92347,37.04,45.472614,8.299947
2683.955901,37.04,45.472654999999996,8.300061
2684.985918,36.660000000000004,45.472697,8.300173
2685.918012,36.29,45.472738,8.300284999999999
2686.948118,35.92,45.472777,8.300398
2687.979972,36.11,45.472815999999995,8.300513
2688.915534,35.550000000000004,45.472851999999996,8.300627
2689.947989,35.92,45.472888999999995,8.300745
2690.980113,35.74,45.472924,8.300863
2691.914217,36.480000000000004,45.472958999999996,8.300982
2692.948071,36.480000000000004,45.472995,8.301101
2693.980257,36.85,45.473034,8.301219
2695.010096,36.660000000000004,45.473073,8.301336
2695.938141,36.660000000000004,45.473112,8.301451
2696.97033,36.11,45.473151,8.301566
2698.004325,35.92,45.473189999999995,8.301682
2698.936178,35.92,45.473227,8.301798999999999
2699.967958,36.11,45.473264,8.301917
2700.996228,36.11,45.473299999999995,8.302035
2701.928333,36.480000000000004,45.473338,8.302154999999999
2702.956337,36.660000000000004,45.473375999999995,8.302273999999999
2703.984304,36.480000000000004,45.473414999999996,8.302392
2704.91384,36.660000000000004,45.473455,8.30251
2705.942289,36.29,45.473493999999995,8.302627
2706.970328,36.11,45.473531,8.302743
2707.998591,36.29,45.473568,8.302861
2708.93038,36.660000000000004,45.473605,8.30298
2709.960245,36.660000000000004,45.473642,8.303099
2710.986186,37.04,45.473679,8.303218
2711.912443,36.85,45.473715999999996,8.303336
2712.942495,37.04,45.473752999999995,8.303454
2713.972654,36.480000000000004,45.473789,8.303571
2715.000845,36.660000000000004,45.473825,8.303689
2715.928687,36.660000000000004,45.473862,8.303808
2716.964628,37.22,45.4739,8.303927
2717.994569,36.29,45.473937,8.304043
2718.922115,36.85,45.473974999999996,8.30416
2719.952625,36.29,45.474014,8.304276
2720.982623,36.480000000000004,45.474053,8.304393
2721.908707,36.29,45.474092,8.30451
2722.936708,36.660000000000004,45.474129999999995,8.304629
2723.964842,36.660000000000004,45.474167,8.304748
2724.990866,37.22,45.474205999999995,8.304867
2725.916774,37.04,45.474244999999996,8.304986999999999
2726.946776,37.410000000000004,45.474283,8.305107
2727.974736,37.04,45.474322,8.305223999999999
2728.906793,37.04,45.474362,8.305341
2729.938796,36.660000000000004,45.474401,8.305456
2730.968608,37.04,45.47444,8.305572
2731.99909,36.660000000000004,45.47448,8.305688
2732.924858,37.04,45.47452,8.305805
2733.954955,36.480000000000004,45.474559,8.305921
2734.984639,36.480000000000004,45.474596999999996,8.306037
2735.910965,35.92,45.474633999999995,8.306154
2736.939112,36.480000000000004,45.474669999999996,8.306274
2737.965002,36.11,45.474705,8.306393
2738.997116,36.29,45.474739,8.306515
2739.923066,36.11,45.474771999999994,8.306637
2740.952999,36.660000000000004,45.474806,8.306759
2741.985009,37.22,45.47484,8.306880999999999
2742.913099,37.410000000000004,45.474879,8.307001
2743.944865,37.04,45.474917999999995,8.307118
2744.973145,36.85,45.474956999999996,8.307233
2746.001105,36.29,45.474996,8.307348
2746.931283,36.29,45.475035,8.307464
2747.959123,36.29,45.475072999999995,8.307580999999999
2748.986978,36.11,45.475108999999996,8.307698
2749.910719,35.92,45.475145,8.307815999999999
2750.941155,36.11,45.475179,8.307936
2751.973202,36.660000000000004,45.475214,8.308055
2753.005265,36.660000000000004,45.475249999999996,8.308175
2753.93522,37.22,45.475288,8.308292999999999
2754.959249,36.85,45.475327,8.308409
2755.987124,37.22,45.475367999999996,8.308524
2756.910861,36.480000000000004,45.475409,8.308638
2757.939302,36.29,45.475449,8.308750999999999
2758.967343,35.74,45.47549,8.308864
2759.997388,36.11,45.47553,8.308978999999999
2760.922941,35.37,45.475569,8.309092999999999
2761.951327,35.550000000000004,45.475607,8.309209
2762.981256,35.37,45.475643999999996,8.309327
2763.909553,35.92,45.475680999999994,8.309446
2764.937606,35.74,45.475716999999996,8.309566
2765.967458,36.11,45.475750999999995,8.309686
2767.001679,35.92,45.475784999999995,8.309807
2767.933494,36.29,45.475819,8.309928
2768.963525,36.480000000000004,45.475853,8.310049
2769.993833,36.660000000000004,45.475888,8.31017
2770.92168,36.660000000000004,45.475922999999995,8.310289
2771.949679,36.85,45.47596,8.310409
2772.98559,36.85,45.475997,8.310528999999999
2773.911163,36.85,45.476034999999996,8.310648
2774.943589,36.660000000000004,45.476073,8.310766
2775.977659,36.660000000000004,45.476112,8.310884
2777.004017,36.85,45.476153,8.311001
2777.931782,37.04,45.476194,8.311117
2778.961561,37.04,45.476236,8.311232
2779.991783,36.660000000000004,45.476278,8.311347
2780.921372,36.660000000000004,45.476319,8.311461999999999
2781.953945,36.480000000000004,45.476358999999995,8.311577999999999
2782.983806,36.85,45.476397999999996,8.311696
2783.913372,36.660000000000004,45.476434999999995,8.311815
2784.943653,37.04,45.476473,8.311933999999999
2785.979935,37.410000000000004,45.476512,8.312054999999999
2786.909427,37.410000000000004,45.476551,8.312175
2787.942073,37.22,45.476589,8.312294
2788.975911,37.410000000000004,45.476628,8.312413
2790.004232,37.410000000000004,45.476667,8.312531
2790.935961,37.410000000000004,45.476706,8.312649
2791.966141,37.22,45.476746,8.312767
2792.996422,37.22,45.476785,8.312885
2793.922083,36.85,45.476824,8.313003
2794.950124,36.85,45.476862999999994,8.313122
2795.978026,36.85,45.476901,8.313241
2797.006189,37.04,45.476938999999994,8.313361
2797.932102,37.04,45.476976,8.31348
2798.96396,37.22,45.477013,8.3136
2799.994381,36.85,45.477049,8.313718999999999
2800.923694,36.85,45.477084999999995,8.313838
2801.950361,36.85,45.477121,8.313958
2802.982218,37.04,45.477157,8.314077
2803.918283,37.04,45.477194999999995,8.314195999999999
2804.948204,37.410000000000004,45.477233999999996,8.314314999999999
2805.98027,37.04,45.477273,8.314433
2806.911878,37.410000000000004,45.477314,8.314549999999999
2807.944488,36.85,45.477354999999996,8.314665999999999
2808.980328,36.85,45.477396,8.314783
2809.908444,36.480000000000004,45.477436,8.314899
2810.936352,36.480000000000004,45.477475,8.315014999999999
2811.970453,36.11,45.477512,8.315133
2813.004548,36.85,45.477548,8.315253
2813.934494,36.660000000000004,45.477585,8.315374
2814.966545,36.85,45.477619999999995,8.315495
2815.998906,36.480000000000004,45.477655,8.315615
2816.928307,37.22,45.477689,8.315737
2817.958542,37.22,45.477725,8.315858
2818.990639,37.410000000000004,45.477762,8.315978
2819.920097,37.04,45.477799999999995,8.316097
2820.946539,37.410000000000004,45.477838,8.316215
2821.976592,37.04,45.477877,8.316332
2823.004575,37.22,45.477917,8.316449
2823.936753,36.85,45.477956,8.316567
2824.964625,37.22,45.477996999999995,8.316684
2825.998659,36.480000000000004,45.478038999999995,8.316799
2826.932751,36.660000000000004,45.47808,8.316913999999999
2827.96649,36.29,45.478123,8.317027999999999
2828.996708,36.29,45.478164,8.317143
2829.924296,35.550000000000004,45.478204999999996,8.317256
2830.958744,35.74,45.478245,8.317371
2831.986832,35.37,45.478283999999995,8.317485999999999
2832.914868,35.550000000000004,45.478322,8.317603
2833.944801,35.74,45.478359999999995,8.317719
2834.978906,36.29,45.4784,8.317836
2836.007075,35.92,45.478441,8.317949
2836.936692,35.92,45.478485,8.318059
2837.96471,35.92,45.478531,8.318166999999999
2838.994893,35.550000000000004,45.478578,8.318275
2839.923075,35.74,45.478626999999996,8.318379
2840.951103,35.18,45.478677,8.318482999999999
2841.983066,35.18,45.478729,8.318584
2842.911158,35.18,45.478783,8.318684
2843.943064,35.0,45.478837999999996,8.318781
2844.973123,34.44,45.478894,8.318876
2846.001212,34.63,45.478952,8.318971
2846.929139,34.81,45.479009999999995,8.319065
2847.95714,34.63,45.47907,8.319156
2848.991083,34.81,45.479130999999995,8.319246999999999
2849.922654,34.81,45.479192999999995,8.319336
2850.949328,35.18,45.479257,8.319423
2851.977128,34.81,45.479321999999996,8.319505999999999
2853.00736,34.63,45.479389,8.319585
2853.939166,34.81,45.479457,8.319659999999999
2854.967214,34.26,45.479527,8.319730999999999
2855.999241,34.44,45.479599,8.319799
2856.929087,34.26,45.479672,8.319863999999999
2857.959439,34.26,45.479746999999996,8.319925999999999
2858.987441,34.44,45.479822999999996,8.319986
2859.917369,34.81,45.479901999999996,8.320043
2860.947504,34.81,45.47998,8.320096999999999
2861.979434,34.44,45.480059,8.320148999999999
2863.007531,34.07,45.480138,8.3202
2863.939454,33.89,45.480218,8.320248
2864.967421,34.07,45.480298999999995,8.320293999999999
2865.997604,34.07,45.480381,8.320337
2866.925564,33.89,45.480461999999996,8.320376
2867.957541,34.07,45.480543999999995,8.320409999999999
2868.987554,33.89,45.480626,8.320438
2869.915574,34.26,45.480709999999995,8.320462
2870.945687,34.63,45.480793999999996,8.32048
2871.971541,34.63,45.48088,8.320494
2873.00172,34.63,45.480965999999995,8.320506
2873.92768,35.0,45.481052,8.320516
2874.955433,35.18,45.481139999999996,8.320522
2875.98563,35.18,45.481227,8.320526
2876.911617,34.63,45.481313,8.320527
2877.943469,34.26,45.481398999999996,8.320526
2878.975884,33.7,45.481483999999995,8.320523999999999
2880.00771,34.07,45.48157,8.320521
2880.937807,34.44,45.481657,8.320516
2881.965865,35.0,45.481745,8.320509
2882.995939,35.550000000000004,45.481832,8.320497
2883.921831,35.37,45.481918,8.320478999999999
2884.951905,35.37,45.482002,8.320454999999999
2885.979899,35.0,45.482085,8.320427
2886.913384,34.81,45.482167,8.320395
2887.945943,34.44,45.482248,8.320362
2888.977862,34.07,45.482329,8.320326999999999
2890.00806,34.07,45.482409999999994,8.32029
2890.937887,34.44,45.48249,8.320249
2891.968117,34.44,45.482569,8.320203
2893.00195,34.81,45.482647,8.320153
2893.933778,34.63,45.482724999999995,8.320098999999999
2894.964097,35.0,45.482800999999995,8.320041
2895.998041,35.18,45.482876,8.31998
2896.924118,35.37,45.482951,8.319915
2897.950152,35.550000000000004,45.483024,8.319848
2898.978222,34.81,45.483095999999996,8.319780999999999
2900.008246,34.81,45.483166999999995,8.319711999999999
2900.942095,34.63,45.483236999999995,8.319644
2901.976297,34.44,45.483306,8.319571999999999
2903.006398,34.44,45.483376,8.3195
2903.935974,34.07,45.483443,8.319427
2904.96417,34.44,45.483509999999995,8.319352
2905.990187,34.07,45.483574,8.319272999999999
2906.919789,34.07,45.483636,8.319189999999999
2907.952309,34.44,45.483695,8.319105
2908.982439,34.26,45.483751,8.319016
2909.911856,34.44,45.483802999999995,8.318921
2910.938399,34.44,45.483852999999996,8.318824
2911.970296,34.26,45.483902,8.318724
2913.00026,34.26,45.483951,8.318622999999999
2913.925927,33.52,45.483999,8.318524
2914.958366,33.52,45.484049,8.318424
2915.986413,33.89,45.4841,8.318325
2916.914487,33.89,45.484151999999995,8.318226
2917.942456,34.26,45.484204999999996,8.318128
2918.976285,34.26,45.484257,8.31803
2920.006832,35.37,45.484307,8.317927
2920.932654,35.74,45.484353999999996,8.31782
2921.962512,35.0,45.484395,8.317713
2922.994567,34.63,45.484435,8.317606
2923.922646,34.07,45.484474999999996,8.317499999999999
2924.954596,34.44,45.484514999999995,8.317392
2925.986584,34.44,45.484556,8.317285
2926.91419,34.44,45.484598,8.317178
2927.944617,34.44,45.484640999999996,8.317072
2928.974679,34.07,45.484684,8.316965999999999
2930.008705,34.44,45.484725999999995,8.316859
2930.936774,34.81,45.484767999999995,8.316752
2931.966781,35.0,45.484809,8.316644
2932.994883,34.81,45.484849999999994,8.316535
2933.930848,34.63,45.48489,8.316427
2934.964782,34.26,45.484929,8.316319
2935.995048,34.44,45.484967999999995,8.31621
2936.922791,34.07,45.485006,8.316103
2937.954913,34.07,45.485046,8.315996
2938.984852,33.52,45.485087,8.315892
2939.91244,33.7,45.485129,8.315788
2940.940866,34.26,45.485172999999996,8.315683
2941.968856,34.44,45.485217,8.315578
2942.994926,34.63,45.485259,8.315472
2943.923026,34.44,45.485298,8.315366
2944.95504,34.07,45.485338,8.315259
2945.982991,33.89,45.485377,8.315154
2946.916551,33.7,45.485417,8.315049
2947.948852,34.07,45.485457,8.314943
2948.983053,34.07,45.485496,8.314838
2949.914621,34.07,45.485537,8.314732
2950.947087,33.7,45.485579,8.314627
2951.983118,33.52,45.48562,8.314524
2952.912652,33.7,45.485662,8.31442
2953.942947,34.26,45.485703,8.314316
2954.972969,34.07,45.485744,8.31421
2956.003,34.07,45.485783999999995,8.314104
2956.931136,34.07,45.485822999999996,8.313996999999999
2957.963234,33.89,45.485861,8.313891
2958.997513,34.26,45.485901,8.313782999999999
2959.927349,33.7,45.48594,8.313678
2960.955441,33.89,45.48598,8.313571
2961.993325,33.89,45.486021,8.313466
2962.920885,33.89,45.486062,8.31336
2963.949183,34.07,45.486104,8.313253999999999
2964.977349,33.89,45.486146,8.313149
2966.005372,34.44,45.486188999999996,8.313043
2966.931381,34.81,45.48623,8.312935999999999
2967.961417,34.44,45.486269,8.312828999999999
2968.989472,34.26,45.486308,8.312721999999999
2969.919031,33.89,45.486346999999995,8.312617
2970.947452,33.33,45.486385999999996,8.312514
2971.977555,33.89,45.486425,8.312408999999999
2972.911679,33.52,45.486466,8.312304
2973.94172,33.7,45.486506999999996,8.312198
2974.975677,34.26,45.486546999999995,8.312092999999999
2976.005744,33.7,45.486588,8.311988
2976.933686,33.7,45.486627999999996,8.311883
2977.963612,33.89,45.486667999999995,8.311779
2978.991612,33.7,45.486708,8.311674
2979.923196,33.89,45.486748,8.311569
2980.953677,33.7,45.486788,8.311465
2981.981507,34.07,45.486827,8.311359
2983.007731,34.26,45.486867,8.311252999999999
2983.939548,33.89,45.486906,8.311147
2984.967571,34.07,45.486944,8.31104
2985.999711,34.26,45.486982999999995,8.310932
2986.925352,34.26,45.487021,8.310825
2987.951632,34.63,45.48706,8.310716
2988.977916,34.07,45.487097999999996,8.310609
2990.006037,34.44,45.487137,8.310501
2990.937696,34.63,45.487176999999996,8.310393
2991.971993,34.26,45.487218,8.310286
2993.00429,34.26,45.487258,8.310178
2993.933863,33.89,45.487297999999996,8.310073
2994.961777,34.07,45.487339,8.309966
2995.991944,34.81,45.487378,8.309857
2996.92206,35.37,45.487415999999996,8.309745
2997.950086,35.18,45.487449999999995,8.309631
2998.982208,34.44,45.487483,8.309519
2999.914121,34.26,45.487516,8.309407
3000.940254,34.26,45.487549,8.309294
3001.969915,34.07,45.487583,8.30918
3002.998291,34.44,45.487615999999996,8.309065
3003.926218,34.44,45.487648,8.30895
3004.954153,35.0,45.48768,8.308831999999999
3005.984155,35.550000000000004,45.48771,8.308713
3006.91173,35.550000000000004,45.487738,8.308593
3007.938299,35.37,45.487764,8.308473
3008.970046,34.81,45.487789,8.308354999999999
3009.998313,34.63,45.487811,8.308235999999999
3010.932411,34.63,45.487832,8.308116
3011.962118,35.0,45.487852,8.307995
3012.994453,35.74,45.487871,8.307872
3013.923878,35.74,45.487887,8.307749
3014.952438,35.37,45.487901,8.307628
3015.982342,35.0,45.487913,8.307506
3016.910454,35.74,45.487924,8.307381
3017.94422,35.18,45.487933,8.307257
3018.974516,35.0,45.487941,8.307134
3019.908788,35.37,45.487947999999996,8.307008999999999
3020.940322,35.550000000000004,45.487953999999995,8.306883
3021.970496,35.92,45.487956999999994,8.306757
3023.002511,35.74,45.487959,8.30663
3023.934457,35.92,45.487959,8.306503
3024.968715,35.92,45.487956999999994,8.306376
3025.994731,36.11,45.487953999999995,8.306249
3026.926121,35.74,45.487947999999996,8.306122
3027.954446,36.11,45.487941,8.305995
3028.980791,35.92,45.487932,8.305868
3029.908804,36.480000000000004,45.487919,8.305741
3030.944494,36.29,45.487905,8.305614
3031.972836,36.29,45.487888999999996,8.305488
3033.006854,36.29,45.487871,8.305363
3033.938534,36.480000000000004,45.487853,8.305235999999999
3034.968915,36.660000000000004,45.487834,8.305109999999999
3035.996935,36.29,45.487815,8.304986
3036.930761,36.29,45.487794,8.304860999999999
3037.958895,36.660000000000004,45.487772,8.304736
3038.993058,36.85,45.487747999999996,8.304613
3039.92239,36.660000000000004,45.487721,8.304492
3040.954928,36.85,45.487691,8.304371
3041.984872,36.480000000000004,45.487657999999996,8.304252
3042.91299,36.660000000000004,45.487621999999995,8.304134
3043.940928,36.480000000000004,45.487584999999996,8.304019
3044.970736,37.04,45.487545,8.303901999999999
3046.001114,36.660000000000004,45.487503,8.303787
3046.931063,36.660000000000004,45.48746,8.303671999999999
3047.964989,35.92,45.487417,8.303557
3048.993205,36.29,45.487373999999996,8.303441
3049.927188,36.85,45.48733,8.303325
3050.959055,37.410000000000004,45.487282,8.303208999999999
3051.989151,37.04,45.487234,8.303094999999999
3052.919099,37.04,45.487184,8.302982
3053.949103,36.660000000000004,45.487136,8.30287
3054.975219,36.85,45.487086999999995,8.302757
3056.00906,37.04,45.487038999999996,8.302643999999999
3056.939277,38.15,45.486987,8.302533
3057.973043,37.96,45.486933,8.302424
3059.00145,38.15,45.486875999999995,8.302318
3059.935076,37.410000000000004,45.486819,8.302214
3060.961425,37.410000000000004,45.486762,8.302111
3061.993223,37.22,45.486705,8.302006
3062.925449,36.85,45.486649,8.3019
3063.957123,36.660000000000004,45.486594,8.301793
3064.991132,37.04,45.48654,8.301682999999999
3065.922909,37.410000000000004,45.486487,8.301572
3066.957537,37.78,45.486433,8.301461
3067.987572,38.33,45.486377999999995,8.30135
3068.920945,38.15,45.486321,8.301241
3069.949608,38.33,45.486264,8.301135
3070.98728,37.96,45.486205,8.301029999999999
3071.917033,38.15,45.486145,8.300926
3072.949503,37.59,45.486087,8.300822
3073.97967,37.59,45.486028999999995,8.300716999999999
3074.911077,37.410000000000004,45.485973,8.300609999999999
3075.941635,37.59,45.485918,8.300500999999999
3076.975562,37.78,45.485865,8.30039
3078.00776,38.52,45.48581,8.300277
3078.93775,38.52,45.485755,8.300165999999999
3079.967817,38.52,45.485698,8.300056999999999
3080.997656,38.52,45.485641,8.299949999999999
3081.927769,38.52,45.485582,8.299846
3082.957612,38.52,45.485521999999996,8.299743
3083.987532,37.59,45.485462999999996,8.299641
3084.919781,37.22,45.485406,8.299536999999999
3085.949556,37.04,45.48535,8.299432
3086.979896,37.78,45.485293,8.299324
3088.010041,37.59,45.485237,8.299216
3088.943641,37.96,45.485181,8.299107
3089.969895,38.33,45.485124,8.298997
3091.001749,38.7,45.485065999999996,8.29889
3091.929839,37.96,45.485008,8.298784
3092.959931,37.78,45.484950999999995,8.298679
3093.990073,37.59,45.484894999999995,8.298570999999999
3094.927507,37.96,45.48484,8.298461999999999
3095.95609,38.33,45.484784,8.298352999999999
3096.986024,38.33,45.484725999999995,8.298245999999999
3097.917557,38.52,45.484666999999995,8.298138999999999
3098.950069,37.78,45.484609,8.298035
3099.986007,37.78,45.484552,8.29793
3100.919598,37.410000000000004,45.484497999999995,8.297823
3101.947859,37.96,45.484443,8.297715
3102.976102,37.78,45.484389,8.297606
3104.006112,38.15,45.484334,8.297497
3104.936298,37.59,45.48428,8.297388999999999
3105.970135,37.96,45.484227,8.297281
3107.000077,37.78,45.484172,8.297172999999999
3107.928245,37.96,45.484117999999995,8.297066
3108.960204,37.96,45.484061999999994,8.296959
3109.994536,38.33,45.484007,8.296852
3110.932087,38.15,45.483951,8.296745
3111.960328,38.33,45.483895,8.29664
3112.996299,38.33,45.483837,8.296536
3113.926365,38.52,45.483778,8.296432
3114.954321,38.15,45.483717999999996,8.296329
3115.982507,37.78,45.483658999999996,8.296225999999999
3116.912537,37.59,45.483599999999996,8.296123
3117.944348,37.410000000000004,45.483542,8.296019
3118.972422,37.410000000000004,45.483484999999995,8.295912999999999
3120.004572,37.22,45.483430999999996,8.295805999999999
3120.932269,37.78,45.483374999999995,8.295698
3121.96061,37.78,45.483318999999995,8.295589999999999
3122.990444,38.33,45.483261999999996,8.295482
3123.918665,37.96,45.483204,8.295376
3124.946508,37.96,45.483148,8.29527
3125.974675,37.59,45.483092,8.295164999999999
3127.008539,37.78,45.483036,8.295059
3127.94071,37.59,45.482980999999995,8.294952
3128.978579,37.96,45.482926,8.294846
3129.916791,37.59,45.48287,8.29474
3130.950654,37.78,45.482814,8.294634
3131.984646,37.410000000000004,45.482759,8.294528
3132.918207,37.410000000000004,45.482704,8.294421999999999
3133.944887,37.410000000000004,45.482648999999995,8.294315
3134.972704,37.59,45.482593,8.294209
3136.004881,37.410000000000004,45.482538,8.294103
3136.936809,37.22,45.482482,8.293997
3137.970743,37.410000000000004,45.482426,8.293891
3138.998799,37.22,45.482369,8.293785999999999
3139.928877,37.22,45.482313,8.29368
3140.964912,37.04,45.482257,8.293573
3141.999031,37.410000000000004,45.482200999999996,8.293466
3142.924884,37.04,45.482146,8.293357
3143.958813,37.59,45.482091999999994,8.293249
3144.987072,37.59,45.482036,8.29314
3145.915078,38.15,45.481978999999995,8.293031
3146.948769,37.96,45.481919999999995,8.292926
3147.977053,38.33,45.481859,8.292822
3149.008996,37.96,45.481798,8.29272
3149.939094,37.78,45.481738,8.292618
3150.969013,37.410000000000004,45.481679,8.292515999999999
3152.001374,37.59,45.48162,8.292411999999999
3152.929035,37.59,45.481562,8.292307
3153.955231,37.410000000000004,45.481504,8.2922
3154.987079,37.22,45.481448,8.292093
3155.916724,37.22,45.481393,8.291983
3156.945203,37.96,45.481338,8.291872
3157.975171,37.59,45.481283999999995,8.291761
3159.005445,37.96,45.481231,8.291649
3159.93728,38.89,45.481175,8.291535999999999
3160.971043,39.07,45.481114999999996,8.291428999999999
3161.999274,38.15,45.481057,8.291324
3162.92945,38.15,45.480999,8.291219
3163.961426,38.15,45.480941,8.291113
3164.999257,37.78,45.480883999999996,8.291007
3165.933498,37.59,45.480827999999995,8.290901
3166.961493,37.59,45.480771,8.290794
3167.989355,37.96,45.480715,8.290685
3168.915463,37.410000000000004,45.480661,8.290576
3169.949408,38.15,45.480605999999995,8.290465
3170.975569,37.78,45.480551,8.290353999999999
3172.007792,38.33,45.480497,8.290243
3172.939433,38.7,45.480441,8.290132
3173.967571,38.89,45.480382999999996,8.290023
3174.997765,38.89,45.480323,8.289918
3175.931519,38.7,45.480261999999996,8.289814999999999
3176.9597,38.52,45.480199999999996,8.289714
3177.987558,37.78,45.480138,8.289615
3178.917618,37.96,45.480075,8.289514
3179.949424,37.04,45.480016,8.289411
3180.981759,37.410000000000004,45.479959,8.289304
3181.913186,37.22,45.479904,8.289194
3182.939792,37.96,45.479848,8.289082
3183.967638,38.33,45.479793,8.288969999999999
3184.999734,38.33,45.479737,8.288859
3185.929918,38.7,45.479679999999995,8.288749
3186.959711,38.52,45.479623,8.288641
3187.98993,38.7,45.479563999999996,8.288533
3188.921334,38.7,45.479504999999996,8.288425
3189.95582,38.89,45.479445999999996,8.288316
3190.987785,38.89,45.479386,8.288208
3191.91739,38.15,45.479327999999995,8.288102
3192.949913,38.15,45.47927,8.287994
3193.981868,38.15,45.479213,8.287884
3195.007861,38.52,45.479157,8.287772
3195.936024,38.89,45.479101,8.287659
3196.967926,39.44,45.479043,8.287545999999999
3198.002187,39.44,45.478984,8.287435
3198.936155,39.44,45.478922999999995,8.287327
3199.970008,39.26,45.478860999999995,8.287220999999999
3201.002075,38.52,45.4788,8.287116
3201.92818,38.89,45.478741,8.28701
3202.956073,38.52,45.478682,8.286902
3203.985909,38.7,45.478623999999996,8.286791
3204.914193,38.7,45.478567,8.28668
3205.946088,38.7,45.478511,8.286567999999999
3206.974129,39.07,45.478457,8.286455
3208.00415,39.07,45.478401999999996,8.286341
3208.934171,39.44,45.478345999999995,8.286227
3209.962341,39.26,45.47829,8.286114
3210.990203,39.63,45.478232999999996,8.286000999999999
3211.917806,40.0,45.478173999999996,8.285888
3212.954222,39.81,45.478116,8.285777
3213.982286,40.37,45.478055,8.285667
3214.916295,39.81,45.477993999999995,8.28556
3215.946111,40.18,45.477931999999996,8.285454
3216.978323,39.81,45.477868,8.28535
3218.008585,39.44,45.477805,8.285247
3218.942361,39.26,45.477742,8.285143
3219.970555,38.52,45.477682,8.285036999999999
3221.000392,38.89,45.477622,8.284929
3221.928578,38.89,45.477564,8.284818
3222.960527,39.63,45.477505,8.284706
3223.992442,40.18,45.477443,8.284595
3224.92205,40.18,45.47738,8.284487
3225.956654,39.81,45.477315999999995,8.284381999999999
3226.986522,39.26,45.477252,8.284278
3227.914683,39.26,45.477188999999996,8.284173
3228.950366,39.26,45.477123999999996,8.28407
3229.982656,39.44,45.477058,8.283968
3230.914688,40.18,45.476988,8.283869
3231.950435,40.0,45.476915999999996,8.283775
3232.980705,39.81,45.476842,8.283686
3233.91671,39.63,45.476766999999995,8.283598
3234.950655,38.89,45.47669,8.283514
3235.978878,39.26,45.476614,8.283429
3237.010732,38.89,45.476537,8.283344
3237.938794,38.89,45.476459999999996,8.283258
3238.970591,38.89,45.476383,8.283171
3239.998841,39.26,45.476304999999996,8.283083999999999
3240.930333,40.0,45.476223999999995,8.283
3241.958918,40.37,45.476141,8.282923
3242.993099,40.18,45.476054999999995,8.282854
3243.925001,39.63,45.475969,8.282791
3244.958696,39.44,45.475881,8.282729999999999
3245.988982,39.07,45.475794,8.28267
3246.922478,38.33,45.475708,8.282608
3247.952772,38.89,45.475621,8.282544
3248.985143,39.63,45.475532,8.282483
3249.915055,39.63,45.475441,8.282428
3250.951002,39.81,45.47535,8.282378999999999
3251.981161,39.44,45.475258,8.282335999999999
3252.913092,39.63,45.475164,8.282297999999999
3253.947026,38.52,45.475071,8.282261
3254.979222,38.33,45.474978,8.282221999999999
3256.007098,38.7,45.474885,8.282183
3256.939096,39.26,45.474789,8.28215
3257.973223,39.81,45.474691,8.282122
3259.005148,38.52,45.474596,8.282096
3259.935248,38.15,45.474502,8.282069
3260.969008,38.15,45.474408,8.282041999999999
3262.003246,38.7,45.474311,8.282019
3262.935158,39.81,45.474213999999996,8.282003
3263.963088,39.81,45.474115,8.281996
3264.993239,39.26,45.474018,8.281997
3265.927271,39.07,45.473921999999995,8.281998999999999
3266.957056,38.7,45.473825,8.282002
3267.99112,39.07,45.473727,8.282007
3268.92142,38.7,45.473628999999995,8.282010999999999
3269.953335,38.7,45.473531,8.282015
3270.98944,38.52,45.473434,8.282017999999999
3271.917458,38.89,45.473335,8.282022999999999
3272.94741,39.44,45.473236,8.282035
3273.97754,39.26,45.473138999999996,8.282051
3275.009444,39.63,45.473043,8.282074
3275.935619,39.44,45.472947,8.282104
3276.965327,39.07,45.472853,8.282136999999999
3277.995686,39.63,45.472758,8.282171
3278.927086,39.44,45.472663,8.282207999999999
3279.957623,39.26,45.472567999999995,8.282247
3280.989392,39.07,45.472474999999996,8.282288
3281.921151,39.26,45.472381,8.28233
3282.9516,39.44,45.472288,8.282376
3283.981436,39.44,45.472195,8.282423
3285.011897,39.44,45.472103,8.282473999999999
3285.943675,39.81,45.472012,8.282528
3286.973786,39.07,45.471924,8.282586
3288.005753,39.44,45.471835999999996,8.282648
3288.933714,39.26,45.471748999999996,8.282714
3289.967751,39.07,45.471663,8.282783
3290.997781,38.7,45.471579,8.282852
3291.929859,37.96,45.471495999999995,8.282919999999999
3292.959911,38.89,45.471410999999996,8.282990999999999
3293.995863,38.7,45.471328,8.283066
3294.923881,38.89,45.471247,8.283142999999999
3295.957865,39.07,45.471168,8.283225
3296.991709,38.89,45.471091,8.28331
3297.919983,39.26,45.471016,8.283399
3298.950017,39.26,45.470942,8.283491
3299.978096,39.63,45.470869,8.283586
3301.012199,39.44,45.470799,8.283683
3301.940137,39.26,45.470729999999996,8.283783999999999
3302.96977,39.81,45.470662999999995,8.283887
3303.996173,39.26,45.470597,8.283992
3304.924107,38.89,45.47053,8.284094
3305.953918,39.07,45.470462999999995,8.284196999999999
3306.98214,38.33,45.470394999999996,8.284297
3307.915652,38.89,45.470324999999995,8.284397
3308.94419,40.18,45.470257,8.284502999999999
3309.976114,40.550000000000004,45.470195,8.284616
3311.004368,40.92,45.470138999999996,8.284733
3311.930286,39.81,45.470088999999994,8.284851
3312.960067,39.44,45.470040999999995,8.28497
3313.99002,38.52,45.469992999999995,8.285088
3314.919787,38.15,45.469944999999996,8.285207
3315.952206,38.52,45.469896,8.285326999999999
3316.986295,38.52,45.469847,8.285447999999999
3317.914378,39.07,45.469798,8.28557
3318.944305,39.26,45.469752,8.285694
3319.976312,39.44,45.46971,8.28582
3321.008666,39.63,45.469671999999996,8.285948
3321.944446,39.07,45.469639,8.286076999999999
3322.978415,39.26,45.469608,8.286207
3324.004465,39.07,45.46958,8.286339
3324.936263,39.26,45.469555,8.286472999999999
3325.964303,38.89,45.469530999999996,8.286605999999999
3326.992602,38.33,45.469505999999996,8.286738999999999
3327.922025,38.7,45.469480999999995,8.286874
3328.954483,38.52,45.469457,8.287009
3329.98462,39.26,45.469435,8.287146
3330.916597,40.0,45.469417,8.287284999999999
3331.944653,40.0,45.469404999999995,8.287424
3332.972668,40.0,45.469395999999996,8.287563
3334.002757,39.63,45.469390999999995,8.287701
3334.93662,39.63,45.469386,8.287841
3335.972641,39.44,45.469383,8.287981
3337.002813,39.07,45.469381,8.28812
3337.932837,39.63,45.469378999999996,8.288261
3338.962727,39.44,45.469378999999996,8.288402
3339.994879,39.26,45.469381,8.288541
3340.926276,39.44,45.469384,8.288682
3341.954755,39.26,45.469389,8.288821
3342.980756,39.63,45.469395,8.288961
3344.013044,39.44,45.469406,8.289099
3344.942809,39.63,45.46942,8.289238
3345.972841,39.44,45.469435999999995,8.289374
3347.006872,39.44,45.469454999999996,8.28951
3347.93283,39.07,45.469474999999996,8.289645
3348.971075,39.44,45.469497,8.289779
3349.998928,39.63,45.469521,8.289914999999999
3350.92899,39.81,45.469547999999996,8.290049999999999
3351.958918,39.44,45.469575999999996,8.290184
3352.988812,39.63,45.469604,8.290317
3353.916559,39.07,45.469632999999995,8.290448999999999
3354.943009,39.26,45.469660999999995,8.290581999999999
3355.973137,39.26,45.46969,8.290715
3357.003047,39.26,45.469719,8.290848
3357.93063,40.0,45.46975,8.290981
3358.961252,39.81,45.469783,8.291112
3359.991092,40.18,45.469819,8.291241
3360.920652,40.18,45.469857,8.291369999999999
3361.947251,39.63,45.469896999999996,8.291496
3362.978993,40.0,45.469936999999994,8.291622
3364.009253,40.0,45.469978999999995,8.291748
3364.94103,39.81,45.470022,8.291874
3365.969067,40.37,45.470065999999996,8.291998999999999
3367.00151,39.44,45.47011,8.292124
3367.927336,39.07,45.470152,8.292247999999999
3368.953253,37.96,45.470189,8.292373999999999
3369.985275,38.7,45.470223,8.292505
3370.913376,39.26,45.470257,8.292637
3371.94151,39.26,45.470292,8.292767999999999
3372.973449,39.63,45.470327,8.2929
3374.007479,40.0,45.470366,8.29303
3374.933541,40.37,45.470408,8.293158
3375.967491,40.18,45.470453,8.293282999999999
3376.993436,39.07,45.470496999999995,8.293403999999999
3377.925023,38.7,45.47054,8.293526
3378.959541,38.33,45.470582,8.293648
3379.989328,39.07,45.470622,8.293773
3380.923613,38.7,45.470662,8.293898
3381.953495,38.89,45.470701999999996,8.294024
3382.989566,39.07,45.470742,8.294151
3383.921669,38.33,45.470780999999995,8.294276
3384.949658,38.89,45.470819999999996,8.294402999999999
3385.983587,38.52,45.470856999999995,8.29453
3387.009826,39.44,45.470895999999996,8.294656999999999
3387.941665,39.26,45.470935,8.294784
3388.971764,38.7,45.470973,8.294908
3390.001749,39.07,45.471011999999995,8.295034
3390.931717,38.33,45.471050999999996,8.295159
3391.967729,38.89,45.47109,8.295283999999999
3392.9979,38.52,45.471129999999995,8.295409
3393.929834,38.89,45.47117,8.295534
3394.963816,38.7,45.47121,8.295658
3395.99387,38.89,45.471250999999995,8.295781
3396.927384,39.07,45.471292999999996,8.295904
3397.959911,38.7,45.471337,8.296023
3398.987858,38.89,45.471381,8.296142999999999
3399.915966,37.96,45.471424999999996,8.296261
3400.947917,38.15,45.471467,8.296381
3401.977914,37.78,45.471508,8.296502
3403.004141,38.33,45.471548,8.296626
3403.931522,38.7,45.471588,8.296751
3404.960127,38.52,45.471629,8.296875
3405.993991,38.52,45.471669,8.296998
3406.924121,37.96,45.471708,8.297120999999999
3407.956017,38.7,45.471747,8.297245
3408.986142,38.33,45.471785,8.297369
3409.918139,38.7,45.471823,8.297494
3410.954095,39.07,45.471861999999994,8.29762
3411.987949,39.07,45.471903,8.297744
3412.920115,39.07,45.471945,8.297867
3413.953954,38.33,45.471987,8.297988
3414.988157,37.96,45.472027,8.298108
3415.918255,37.59,45.472066,8.29823
3416.950189,37.78,45.472103999999995,8.298352999999999
3417.978405,37.22,45.472139999999996,8.298475999999999
3419.008276,38.15,45.472176,8.298601
3419.934285,37.78,45.472212999999996,8.298725
3420.964301,38.15,45.472249999999995,8.298848999999999
3421.994491,37.96,45.472288,8.298973
3422.921879,38.33,45.472327,8.299097
3423.956636,38.52,45.472367,8.29922
3424.988353,38.15,45.472408,8.299339999999999
3425.918471,38.33,45.472449999999995,8.299462
3426.948398,37.78,45.472491,8.299582
3427.980486,37.59,45.47253,8.299703
3429.012449,37.04,45.472566,8.299825
3429.946437,37.59,45.472601,8.299949
3430.976573,37.59,45.472637,8.300075
3432.008496,37.96,45.472671999999996,8.300201
3432.940676,37.96,45.472708999999995,8.300326
3433.970523,38.33,45.472746,8.30045
3435.002743,38.89,45.472786,8.300573
3435.932677,38.89,45.472829,8.300695
3436.964692,38.33,45.472874,8.300813
3437.994604,37.410000000000004,45.472916999999995,8.30093
3438.924752,37.59,45.47296,8.301047
3439.956655,37.410000000000004,45.473001,8.301167
3440.984662,37.78,45.473042,8.301288
3441.914807,37.59,45.473082,8.301411
3442.948638,38.15,45.473119999999994,8.301535
3443.976799,38.15,45.473158999999995,8.30166
3445.008717,38.33,45.473199,8.301784
3445.938924,38.15,45.473239,8.301907
3446.966986,37.96,45.473278,8.302029
3447.999013,37.78,45.473316999999994,8.302151
3448.926396,37.59,45.473355,8.302273
3449.956837,37.96,45.473392999999994,8.302396
3450.986699,37.59,45.473431,8.302519
3451.918969,38.15,45.473468,8.302641
3452.948726,37.96,45.473506,8.302766
3453.979019,38.15,45.473544,8.30289
3455.01095,37.78,45.473583,8.303013
3455.94303,38.15,45.473621,8.303137
3456.981007,38.15,45.473659,8.303262
3458.007249,38.52,45.473698,8.303386
3458.936834,39.07,45.473738999999995,8.303511
3459.967099,39.26,45.473783999999995,8.303632
3460.997092,38.52,45.473828999999995,8.303749999999999
3461.931175,37.59,45.47387,8.303868
3462.967085,37.96,45.473911,8.303989
3463.994917,37.59,45.473949999999995,8.30411
3464.924722,38.33,45.473988999999996,8.304234
3465.951145,38.52,45.474028999999994,8.304359
3466.983171,39.07,45.47407,8.304485
3467.914738,38.52,45.474109999999996,8.304606
3468.94336,38.33,45.474152,8.304727
3469.979083,38.15,45.474191999999995,8.304848
3471.011457,37.78,45.474230999999996,8.304969999999999
3471.941272,38.15,45.474269,8.305092
3472.969393,38.33,45.474308,8.305215
3474.003304,39.07,45.474348,8.305337999999999
3474.933353,38.52,45.474388,8.305458999999999
3475.965347,37.96,45.474427,8.305579
3476.999531,37.78,45.474464999999995,8.305701
3477.928951,37.96,45.474503,8.305823
3478.955498,37.410000000000004,45.474539,8.305945
3479.985416,37.96,45.474576,8.306066
3480.91904,37.96,45.474613,8.306189
3481.949557,37.96,45.474651,8.306313
3482.979298,38.15,45.474689999999995,8.306435
3484.007766,38.15,45.47473,8.306557
3484.937372,38.15,45.474771999999994,8.306676999999999
3485.965655,37.410000000000004,45.474813,8.306795
3486.993389,37.22,45.474852999999996,8.306915
3487.919585,37.04,45.474891,8.307036
3488.951608,37.78,45.474928999999996,8.307159
3489.979807,37.78,45.474967,8.307281999999999
3491.009883,38.15,45.475006,8.307405
3491.941646,37.96,45.475046,8.307526
3492.973839,38.52,45.475086999999995,8.307648
3494.00373,37.78,45.475128999999995,8.307768
3494.933815,37.22,45.475168,8.307887
3495.963592,36.660000000000004,45.475206,8.308007
3496.993915,36.85,45.475241999999994,8.308128
3497.925333,37.22,45.475277,8.308252
3498.953954,37.59,45.475314,8.308375
3499.981658,37.96,45.475352,8.308498
3501.008023,37.96,45.475390999999995,8.30862
3501.938008,37.96,45.475432999999995,8.308739
3502.967868,37.59,45.475474999999996,8.308857
3503.995742,37.59,45.475516999999996,8.308977
3504.923928,37.04,45.475556999999995,8.309096
3505.956012,37.59,45.475597,8.309217
3506.987915,37.410000000000004,45.475635999999994,8.309339
3507.918067,37.96,45.475677,8.309462
3508.949803,38.15,45.475716999999996,8.309585
3509.978114,38.15,45.475756999999994,8.309707
3511.011972,37.96,45.475795999999995,8.309828999999999
3511.942227,37.96,45.475836,8.309952
3512.974069,37.96,45.475874999999995,8.310075
3514.006271,38.15,45.475913999999996,8.310198
3514.938196,38.33,45.475953999999994,8.310322
3515.971939,37.96,45.475992,8.310444
3517.002304,38.33,45.476031,8.310568
3517.93372,38.15,45.47607,8.31069
3518.966265,38.52,45.47611,8.310813
3519.994283,38.15,45.47615,8.310934999999999
3520.921784,38.15,45.476189,8.311055999999999
3521.958377,37.96,45.476229,8.311176999999999
3522.990456,38.33,45.476268,8.311299
3523.920365,38.33,45.476309,8.31142
3524.95215,38.15,45.476349,8.311539999999999
3525.982339,37.96,45.476389999999995,8.31166
3526.919917,37.78,45.47643,8.311779
3527.954186,37.96,45.47647,8.311899
3528.988195,37.96,45.476510999999995,8.312019
3529.920487,37.96,45.476551,8.31214
3530.954531,37.59,45.476592,8.312261
3531.990422,37.78,45.476631999999995,8.312382
3532.920514,37.59,45.476670999999996,8.312503
3533.954297,37.78,45.476707999999995,8.312626
3534.986335,37.59,45.476744,8.312749
3535.916105,38.15,45.47678,8.312873
3536.94664,37.78,45.476814999999995,8.312998
3537.98054,38.33,45.476850999999996,8.313122
3539.012731,37.96,45.476887,8.313246
3539.948614,38.7,45.476925,8.313371
3540.980683,38.33,45.476963,8.313494
3541.916192,38.33,45.477002999999996,8.313616
3542.948817,38.52,45.477042999999995,8.313737
3543.978665,38.15,45.477084999999995,8.313856
3545.012865,37.78,45.477126999999996,8.313974
3545.948703,37.78,45.47717,8.314092
3546.97872,37.59,45.477211,8.31421
3548.010942,37.22,45.477250999999995,8.314331
3548.938586,37.59,45.477289,8.314453
3549.968859,37.410000000000004,45.477325,8.314577
3551.002956,38.33,45.47736,8.314703999999999
3551.93099,38.33,45.477396999999996,8.314831
3552.9628,38.52,45.477433999999995,8.314956
3553.99305,38.33,45.477472,8.315078999999999
3554.926457,37.96,45.477511,8.315201
3555.95691,38.15,45.47755,8.315323
3556.988899,38.15,45.477588999999995,8.315444
3557.923094,38.15,45.477629,8.315566
3558.950947,37.59,45.477669,8.315686
3559.983135,37.78,45.477708,8.315807
3560.915074,37.22,45.477745,8.315928
3561.945027,37.78,45.477782999999995,8.316051
3562.975241,37.78,45.477819,8.316174
3564.003049,38.15,45.477855999999996,8.316297
3564.933172,37.78,45.477892999999995,8.316419
3565.967079,38.33,45.477931,8.316540999999999
3567.003115,38.15,45.477968999999995,8.316661999999999
3567.933273,38.33,45.478009,8.316780999999999
3568.968975,37.96,45.478051,8.316899
3569.99942,38.15,45.478094,8.317015999999999
3570.929348,37.59,45.478139,8.317131
3571.963193,37.59,45.478184,8.317245
3572.995235,37.04,45.478229999999996,8.317359
3573.925334,37.22,45.478277,8.317471
3574.959352,36.660000000000004,45.478322999999996,8.317582999999999
3575.993383,36.29,45.478367,8.317696999999999
3576.929429,36.11,45.478407999999995,8.317812
3577.965338,35.92,45.478446999999996,8.317928
3578.993515,36.85,45.478488,8.318045999999999
3579.924936,37.04,45.478531,8.318163
3580.953396,37.04,45.478577,8.318275
3581.987402,36.85,45.478626,8.318382999999999
3582.915616,36.480000000000004,45.478677999999995,8.318487
3583.945263,36.660000000000004,45.478732,8.318588
3584.973537,35.74,45.478789,8.318686
3586.005595,35.550000000000004,45.478846,8.318781999999999
3586.937491,34.81,45.478904,8.318876
3587.969609,35.18,45.478961999999996,8.318971
3589.001644,35.0,45.479022,8.319066
3589.937551,35.18,45.479082,8.31916
3590.969651,35.0,45.479143,8.319251
3592.003434,35.0,45.479206,8.31934
3592.933664,35.18,45.47927,8.319426
3593.96564,34.63,45.479335999999996,8.319507999999999
3594.993843,34.63,45.479402,8.319586
3595.925242,33.89,45.479471,8.319659
3596.951678,34.07,45.479541999999995,8.31973
3597.979713,34.44,45.479616,8.319797
3599.011871,34.63,45.479693,8.319861
3599.943772,35.0,45.479769,8.319922
3600.973854,34.63,45.479847,8.319982
3602.001959,34.44,45.479925,8.320039999999999
3602.927936,34.63,45.480004,8.320095
3603.961824,34.44,45.480084,8.320146
3604.995944,35.0,45.480165,8.320193999999999
3605.928023,35.18,45.480247,8.320238999999999
3606.961725,35.0,45.480329,8.32028
3607.994005,34.63,45.480411,8.320319
3608.923494,34.26,45.480492999999996,8.320356
3609.951996,34.07,45.480574999999995,8.320390999999999
3610.979982,33.7,45.480658,8.320424
3612.008264,33.52,45.48074,8.320456
3612.940012,32.78,45.480821,8.320485
3613.970222,33.15,45.480903,8.320509999999999
3615.000234,32.96,45.480986,8.320530999999999
3615.926055,33.15,45.481066999999996,8.320545
3616.956094,33.33,45.48115,8.320551
3617.986111,33.33,45.481232999999996,8.320551
3619.016282,33.15,45.481316,8.320545
3619.950181,33.15,45.481398,8.320535
3620.980311,33.15,45.481482,8.320522
3621.91776,32.4,45.481564,8.320509999999999
3622.952021,32.4,45.481646999999995,8.320501
3623.982392,32.96,45.481730999999996,8.320492
3625.014236,33.52,45.481815999999995,8.32048
3625.946349,33.7,45.481901,8.320466
3626.978259,33.52,45.481983,8.320447999999999
3628.014465,33.52,45.482065,8.320426
3628.946431,33.33,45.482144999999996,8.320401
3629.978146,32.96,45.482223999999995,8.320373
3631.010511,32.96,45.482302,8.320338999999999
3631.942363,33.15,45.48238,8.320302
3632.972421,32.78,45.482454999999995,8.32026
3634.008415,33.15,45.482530999999994,8.320212999999999
3634.942425,32.96,45.482603999999995,8.320162999999999
3635.976468,31.66,45.482676,8.320114
3637.008723,32.22,45.482749999999996,8.320065
3637.942508,32.78,45.482825,8.320014
3638.972596,32.78,45.482898999999996,8.31996
3640.004564,32.96,45.482971,8.319901999999999
3640.934078,33.33,45.483039999999995,8.31984
3641.968728,33.15,45.483108,8.319773
3643.000733,32.96,45.483174,8.319702999999999
3643.934773,32.96,45.483238,8.319632
3644.964732,32.96,45.483301999999995,8.319557999999999
3645.996836,32.78,45.483365,8.319483
3646.926768,32.96,45.483427999999996,8.319405999999999
3647.966671,32.59,45.483489999999996,8.319329
3649.001034,31.66,45.483551,8.319251999999999
3649.936827,31.29,45.48361,8.319177
3650.968856,30.92,45.483667999999994,8.319101999999999
3652.004917,31.29,45.483725,8.319026
3652.938817,31.29,45.483776999999996,8.318942999999999
3653.974792,31.11,45.483823,8.318857
3655.010825,29.63,45.483866,8.318771
3655.944679,29.07,45.483909999999995,8.318688
3656.977065,29.07,45.483954,8.318605999999999
3658.01293,29.26,45.484001,8.318524
3658.946713,29.26,45.484048,8.318442
3659.984915,29.44,45.484094,8.31836
3661.014962,30.0,45.484139,8.318273999999999
3661.950976,30.18,45.484182,8.318185
3662.986978,30.18,45.484223,8.318095999999999
3663.916841,29.63,45.484262,8.318007
3664.951043,29.63,45.484302,8.317917999999999
3665.989045,29.810000000000002,45.484342999999996,8.317827
3666.922615,30.55,45.484384,8.317734999999999
3667.959072,30.55,45.484424,8.317641
3668.994907,30.55,45.484462,8.317546
3669.928662,30.55,45.484497999999995,8.31745
3670.9611,30.37,45.484533,8.317354
3671.997156,30.37,45.484567,8.317257999999999
3672.932663,30.37,45.484601999999995,8.317161
3673.967201,30.37,45.484637,8.317064
3675.005039,30.0,45.484671999999996,8.316968
3675.939331,29.810000000000002,45.484708,8.316874
3676.975235,30.0,45.484747,8.31678
3678.00747,30.18,45.484787,8.316688
3678.945316,30.740000000000002,45.484828,8.316595999999999
3679.979324,31.11,45.484868999999996,8.316502
3681.011326,31.11,45.484908999999995,8.316408
3681.947353,31.29,45.484947,8.316312
3682.983357,31.29,45.484984999999995,8.316215999999999
3683.921455,31.29,45.485020999999996,8.31612
3684.963507,30.92,45.485056,8.316023999999999
3686.003603,30.92,45.485091,8.315926
3686.941461,30.740000000000002,45.485124,8.31583
3687.981287,30.92,45.485155999999996,8.315733
3688.917026,30.18,45.485189,8.315636
3689.949301,29.63,45.485223,8.315541999999999
3690.985528,29.26,45.485257,8.31545
3691.917089,29.07,45.485291,8.315358
3692.953378,28.7,45.485327,8.315268
3693.989568,28.52,45.485363,8.31518
3694.92518,28.330000000000002,45.485399,8.315093
3695.961645,27.96,45.485434999999995,8.315007999999999
3696.997479,27.96,45.48547,8.314923
3697.931707,28.52,45.485504999999996,8.314836999999999
3698.963763,28.52,45.485538999999996,8.31475
3700.001871,28.7,45.485572,8.314661
3700.933908,26.11,45.485600999999996,8.314575
3701.965898,22.96,45.485625999999996,8.314499
3703.001747,18.7,45.485647,8.314437
3703.93535,13.700000000000001,45.485662,8.314390999999999
