timestamp,avg_heartrate
2025-06-13 14:51:02,97.0
2025-06-13 14:51:06,97.0
2025-06-13 14:51:07,96.0
2025-06-13 14:51:08,95.0
2025-06-13 14:51:09,96.0
2025-06-13 14:51:13,97.0
2025-06-13 14:51:36,97.5
2025-06-13 14:51:39,96.0
2025-06-13 14:51:41,97.0
2025-06-13 14:51:44,99.0
2025-06-13 14:51:45,99.0
2025-06-13 14:51:47,99.0
2025-06-13 14:51:48,98.5
2025-06-13 14:51:49,98.0
2025-06-13 14:51:51,101.0
2025-06-13 14:51:53,102.0
2025-06-13 14:51:54,102.0
2025-06-13 14:51:56,102.0
2025-06-13 14:51:57,102.0
2025-06-13 14:51:58,102.0
2025-06-13 14:52:05,100.0
2025-06-13 14:52:07,99.0
2025-06-13 14:52:09,98.0
2025-06-13 14:52:10,98.0
2025-06-13 14:52:11,97.0
2025-06-13 14:52:12,97.0
2025-06-13 14:52:13,95.0
2025-06-13 14:52:14,95.0
2025-06-13 14:52:15,95.0
2025-06-13 14:52:16,95.0
2025-06-13 14:52:17,95.5
2025-06-13 14:52:20,95.0
2025-06-13 14:52:28,96.0
2025-06-13 14:52:30,97.0
2025-06-13 14:52:32,97.0
2025-06-13 14:52:33,98.0
2025-06-13 14:52:36,100.0
2025-06-13 14:52:39,102.33333333333333
2025-06-13 14:52:40,102.66666666666667
2025-06-13 14:52:41,102.0
2025-06-13 14:52:42,102.0
2025-06-13 14:52:43,101.33333333333333
2025-06-13 14:52:44,100.0
2025-06-13 14:52:45,100.0
2025-06-13 14:52:46,99.66666666666667
2025-06-13 14:52:47,100.0
2025-06-13 14:52:48,100.5
2025-06-13 14:52:49,101.0
2025-06-13 14:52:50,101.0
2025-06-13 14:52:51,102.0
2025-06-13 14:52:52,102.0
2025-06-13 14:52:53,102.0
2025-06-13 14:52:54,102.0
2025-06-13 14:52:55,102.0
2025-06-13 14:52:56,102.0
2025-06-13 14:52:57,102.5
2025-06-13 14:52:58,103.0
2025-06-13 14:52:59,104.0
2025-06-13 14:53:00,104.0
2025-06-13 14:53:01,105.5
2025-06-13 14:53:02,107.66666666666667
2025-06-13 14:53:03,108.0
2025-06-13 14:53:04,108.0
2025-06-13 14:53:05,108.0
2025-06-13 14:53:06,108.0
2025-06-13 14:53:07,108.5
2025-06-13 14:53:08,109.0
2025-06-13 14:53:09,109.0
2025-06-13 14:53:10,109.0
2025-06-13 14:53:11,108.5
2025-06-13 14:53:12,108.0
2025-06-13 14:53:13,108.0
2025-06-13 14:53:14,107.0
2025-06-13 14:53:15,107.0
2025-06-13 14:53:16,107.0
2025-06-13 14:53:17,107.5
2025-06-13 14:53:18,108.66666666666667
2025-06-13 14:53:19,109.33333333333333
2025-06-13 14:53:20,110.5
2025-06-13 14:53:21,111.0
2025-06-13 14:53:22,111.0
2025-06-13 14:53:23,111.0
2025-06-13 14:53:24,111.0
2025-06-13 14:53:25,110.75
2025-06-13 14:53:26,110.0
2025-06-13 14:53:27,109.5
2025-06-13 14:53:28,109.66666666666667
2025-06-13 14:53:29,110.0
2025-06-13 14:53:30,110.0
2025-06-13 14:53:31,110.5
2025-06-13 14:53:32,110.33333333333333
2025-06-13 14:53:33,110.0
2025-06-13 14:53:34,110.0
2025-06-13 14:53:35,109.25
2025-06-13 14:53:36,109.0
2025-06-13 14:53:37,109.0
2025-06-13 14:53:38,108.5
2025-06-13 14:53:39,109.0
2025-06-13 14:53:40,109.0
2025-06-13 14:53:41,109.0
2025-06-13 14:53:42,109.0
2025-06-13 14:53:43,109.0
2025-06-13 14:53:44,108.33333333333333
2025-06-13 14:53:45,107.66666666666667
2025-06-13 14:53:46,106.5
2025-06-13 14:53:47,106.0
2025-06-13 14:53:48,107.0
2025-06-13 14:53:49,107.0
2025-06-13 14:53:50,106.5
2025-06-13 14:53:51,106.75
2025-06-13 14:53:52,107.0
2025-06-13 14:53:53,107.0
2025-06-13 14:53:54,107.0
2025-06-13 14:53:55,106.5
2025-06-13 14:53:56,106.0
2025-06-13 14:53:57,106.0
2025-06-13 14:53:58,105.5
2025-06-13 14:53:59,106.0
2025-06-13 14:54:00,106.0
2025-06-13 14:54:01,106.75
2025-06-13 14:54:02,106.5
2025-06-13 14:54:03,106.0
2025-06-13 14:54:04,105.66666666666667
2025-06-13 14:54:05,105.0
2025-06-13 14:54:06,104.5
2025-06-13 14:54:07,104.0
2025-06-13 14:54:08,104.0
2025-06-13 14:54:09,104.0
2025-06-13 14:54:10,104.0
2025-06-13 14:54:11,104.0
2025-06-13 14:54:12,104.5
2025-06-13 14:54:13,105.5
2025-06-13 14:54:14,106.0
2025-06-13 14:54:15,106.0
2025-06-13 14:54:16,106.0
2025-06-13 14:54:17,105.0
2025-06-13 14:54:18,105.0
2025-06-13 14:54:19,104.5
2025-06-13 14:54:20,103.0
2025-06-13 14:54:21,103.0
2025-06-13 14:54:22,103.0
2025-06-13 14:54:23,103.0
2025-06-13 14:54:24,103.0
2025-06-13 14:54:25,103.0
2025-06-13 14:54:26,103.33333333333333
2025-06-13 14:54:27,103.0
2025-06-13 14:54:28,103.0
2025-06-13 14:54:29,102.5
2025-06-13 14:54:30,102.0
2025-06-13 14:54:31,102.0
2025-06-13 14:54:32,101.0
2025-06-13 14:54:33,100.75
2025-06-13 14:54:34,100.0
2025-06-13 14:54:35,100.5
2025-06-13 14:54:36,101.5
2025-06-13 14:54:37,102.0
2025-06-13 14:54:38,103.0
2025-06-13 14:54:39,103.5
2025-06-13 14:54:40,104.0
2025-06-13 14:54:41,104.0
2025-06-13 14:54:42,104.5
2025-06-13 14:54:43,105.0
2025-06-13 14:54:44,105.0
2025-06-13 14:54:45,105.0
2025-06-13 14:54:46,105.0
2025-06-13 14:54:47,105.0
2025-06-13 14:54:48,105.5
2025-06-13 14:54:49,106.0
2025-06-13 14:54:50,105.66666666666667
2025-06-13 14:54:51,105.5
2025-06-13 14:54:52,104.0
2025-06-13 14:54:53,104.66666666666667
2025-06-13 14:54:54,105.5
2025-06-13 14:54:55,106.0
2025-06-13 14:54:56,107.0
2025-06-13 14:54:57,108.0
2025-06-13 14:54:58,108.5
2025-06-13 14:54:59,109.5
2025-06-13 14:55:00,110.0
2025-06-13 14:55:01,111.5
2025-06-13 14:55:02,112.0
2025-06-13 14:55:03,112.5
2025-06-13 14:55:04,113.0
2025-06-13 14:55:05,114.0
2025-06-13 14:55:06,114.0
2025-06-13 14:55:07,114.5
2025-06-13 14:55:08,115.0
2025-06-13 14:55:09,115.0
2025-06-13 14:55:10,115.5
2025-06-13 14:55:11,116.0
2025-06-13 14:55:12,116.66666666666667
2025-06-13 14:55:13,117.0
2025-06-13 14:55:14,117.0
2025-06-13 14:55:15,117.0
2025-06-13 14:55:16,117.0
2025-06-13 14:55:17,118.0
2025-06-13 14:55:18,118.0
2025-06-13 14:55:19,118.0
2025-06-13 14:55:20,118.0
2025-06-13 14:55:21,118.0
2025-06-13 14:55:22,119.0
2025-06-13 14:55:23,119.5
2025-06-13 14:55:24,120.0
2025-06-13 14:55:25,120.0
2025-06-13 14:55:26,120.5
2025-06-13 14:55:27,121.0
2025-06-13 14:55:28,122.0
2025-06-13 14:55:29,122.0
2025-06-13 14:55:30,123.0
2025-06-13 14:55:31,122.0
2025-06-13 14:55:32,122.0
2025-06-13 14:55:33,121.5
2025-06-13 14:55:34,121.5
2025-06-13 14:55:35,121.0
2025-06-13 14:55:36,121.0
2025-06-13 14:55:37,121.0
2025-06-13 14:55:38,121.0
2025-06-13 14:55:39,120.33333333333333
2025-06-13 14:55:40,120.0
2025-06-13 14:55:41,120.0
2025-06-13 14:55:42,120.0
2025-06-13 14:55:43,120.0
2025-06-13 14:55:44,120.0
2025-06-13 14:55:45,121.0
2025-06-13 14:55:46,121.5
2025-06-13 14:55:47,122.0
2025-06-13 14:55:48,122.0
2025-06-13 14:55:49,123.0
2025-06-13 14:55:50,123.0
2025-06-13 14:55:51,124.0
2025-06-13 14:55:52,123.0
2025-06-13 14:55:53,122.0
2025-06-13 14:55:54,122.0
2025-06-13 14:55:55,121.66666666666667
2025-06-13 14:55:56,121.0
2025-06-13 14:55:57,120.0
2025-06-13 14:55:58,120.0
2025-06-13 14:55:59,120.0
2025-06-13 14:56:00,120.0
2025-06-13 14:56:01,121.0
2025-06-13 14:56:02,120.5
2025-06-13 14:56:03,120.0
2025-06-13 14:56:04,121.0
2025-06-13 14:56:05,120.66666666666667
2025-06-13 14:56:06,120.0
2025-06-13 14:56:07,120.0
2025-06-13 14:56:08,120.0
2025-06-13 14:56:09,120.5
2025-06-13 14:56:10,121.0
2025-06-13 14:56:11,121.0
2025-06-13 14:56:12,122.5
2025-06-13 14:56:13,123.0
2025-06-13 14:56:14,123.0
2025-06-13 14:56:15,123.0
2025-06-13 14:56:16,123.0
2025-06-13 14:56:17,123.0
2025-06-13 14:56:18,123.0
2025-06-13 14:56:19,123.0
2025-06-13 14:56:20,123.0
2025-06-13 14:56:21,123.0
2025-06-13 14:56:22,123.0
2025-06-13 14:56:23,122.0
2025-06-13 14:56:24,121.0
2025-06-13 14:56:25,121.0
2025-06-13 14:56:26,121.0
2025-06-13 14:56:27,120.5
2025-06-13 14:56:28,119.5
2025-06-13 14:56:29,119.0
2025-06-13 14:56:30,118.33333333333333
2025-06-13 14:56:31,118.0
2025-06-13 14:56:32,117.0
2025-06-13 14:56:33,116.0
2025-06-13 14:56:34,115.33333333333333
2025-06-13 14:56:35,115.0
2025-06-13 14:56:36,114.5
2025-06-13 14:56:37,114.0
2025-06-13 14:56:38,113.33333333333333
2025-06-13 14:56:39,111.5
2025-06-13 14:56:40,110.33333333333333
2025-06-13 14:56:41,109.5
2025-06-13 14:56:42,108.5
2025-06-13 14:56:43,107.0
2025-06-13 14:56:44,105.0
2025-06-13 14:56:45,105.0
2025-06-13 14:56:46,105.66666666666667
2025-06-13 14:56:47,105.0
2025-06-13 14:56:48,104.0
2025-06-13 14:56:49,104.0
2025-06-13 14:56:50,105.0
2025-06-13 14:56:51,104.5
2025-06-13 14:56:52,105.0
2025-06-13 14:56:53,105.0
2025-06-13 14:56:54,105.0
2025-06-13 14:56:55,104.0
2025-06-13 14:56:56,104.0
2025-06-13 14:56:57,103.0
2025-06-13 14:56:58,102.5
2025-06-13 14:56:59,102.0
2025-06-13 14:57:00,101.0
2025-06-13 14:57:01,101.5
2025-06-13 14:57:02,102.0
2025-06-13 14:57:03,102.0
2025-06-13 14:57:04,102.0
2025-06-13 14:57:05,101.0
2025-06-13 14:57:06,101.0
2025-06-13 14:57:07,101.5
2025-06-13 14:57:08,102.0
2025-06-13 14:57:09,103.0
2025-06-13 14:57:10,104.0
2025-06-13 14:57:11,104.5
2025-06-13 14:57:12,104.0
2025-06-13 14:57:13,104.0
2025-06-13 14:57:14,103.0
2025-06-13 14:57:15,103.0
2025-06-13 14:57:16,102.0
2025-06-13 14:57:17,102.5
2025-06-13 14:57:18,103.0
2025-06-13 14:57:19,103.0
2025-06-13 14:57:20,102.0
2025-06-13 14:57:21,102.0
2025-06-13 14:57:22,102.0
2025-06-13 14:57:23,102.0
2025-06-13 14:57:24,102.0
2025-06-13 14:57:25,102.0
2025-06-13 14:57:26,102.0
2025-06-13 14:57:27,102.0
2025-06-13 14:57:28,102.0
2025-06-13 14:57:29,102.0
2025-06-13 14:57:30,103.0
2025-06-13 14:57:31,103.5
2025-06-13 14:57:32,104.0
2025-06-13 14:57:33,103.33333333333333
2025-06-13 14:57:34,104.0
2025-06-13 14:57:35,103.0
2025-06-13 14:57:36,103.0
2025-06-13 14:57:37,103.0
2025-06-13 14:57:38,102.0
2025-06-13 14:57:39,102.0
2025-06-13 14:57:40,102.5
2025-06-13 14:57:41,103.0
2025-06-13 14:57:42,103.0
2025-06-13 14:57:43,103.0
2025-06-13 14:57:44,101.25
2025-06-13 14:57:45,101.0
2025-06-13 14:57:46,100.0
2025-06-13 14:57:47,101.0
2025-06-13 14:57:48,101.0
2025-06-13 14:57:49,101.0
2025-06-13 14:57:50,101.5
2025-06-13 14:57:51,102.5
2025-06-13 14:57:52,102.5
2025-06-13 14:57:53,101.0
2025-06-13 14:57:54,101.0
2025-06-13 14:57:55,101.0
2025-06-13 14:57:56,101.0
2025-06-13 14:57:57,101.0
2025-06-13 14:57:58,101.0
2025-06-13 14:57:59,102.0
2025-06-13 14:58:00,103.33333333333333
2025-06-13 14:58:01,105.0
2025-06-13 14:58:02,107.5
2025-06-13 14:58:03,109.0
2025-06-13 14:58:04,109.33333333333333
2025-06-13 14:58:05,111.5
2025-06-13 14:58:06,113.5
2025-06-13 14:58:07,115.66666666666667
2025-06-13 14:58:08,117.0
2025-06-13 14:58:09,119.0
2025-06-13 14:58:10,121.33333333333333
2025-06-13 14:58:11,122.5
2025-06-13 14:58:12,124.0
2025-06-13 14:58:13,126.33333333333333
2025-06-13 14:58:14,128.33333333333334
2025-06-13 14:58:15,131.0
2025-06-13 14:58:16,132.5
2025-06-13 14:58:17,134.25
2025-06-13 14:58:18,136.5
2025-06-13 14:58:19,138.0
2025-06-13 14:58:20,140.0
2025-06-13 14:58:21,141.5
2025-06-13 14:58:22,142.5
2025-06-13 14:58:23,143.66666666666666
2025-06-13 14:58:24,145.0
2025-06-13 14:58:25,146.0
2025-06-13 14:58:26,146.5
2025-06-13 14:58:27,147.0
2025-06-13 14:58:28,148.0
2025-06-13 14:58:29,148.0
2025-06-13 14:58:30,148.0
2025-06-13 14:58:31,149.0
2025-06-13 14:58:32,149.0
2025-06-13 14:58:33,149.0
2025-06-13 14:58:34,149.0
2025-06-13 14:58:35,150.0
2025-06-13 14:58:36,150.0
2025-06-13 14:58:37,150.0
2025-06-13 14:58:38,150.0
2025-06-13 14:58:39,150.66666666666666
2025-06-13 14:58:40,151.0
2025-06-13 14:58:41,151.0
2025-06-13 14:58:42,151.5
2025-06-13 14:58:43,152.0
2025-06-13 14:58:44,152.0
2025-06-13 14:58:45,152.0
2025-06-13 14:58:46,152.25
2025-06-13 14:58:47,152.5
2025-06-13 14:58:48,153.0
2025-06-13 14:58:49,153.0
2025-06-13 14:58:50,153.0
2025-06-13 14:58:51,153.0
2025-06-13 14:58:52,153.0
2025-06-13 14:58:53,153.0
2025-06-13 14:58:54,153.0
2025-06-13 14:58:55,153.0
2025-06-13 14:58:56,153.0
2025-06-13 14:58:57,153.5
2025-06-13 14:58:58,153.0
2025-06-13 14:58:59,153.0
2025-06-13 14:59:00,153.0
2025-06-13 14:59:01,154.0
2025-06-13 14:59:02,154.0
2025-06-13 14:59:03,153.66666666666666
2025-06-13 14:59:04,153.0
2025-06-13 14:59:05,153.0
2025-06-13 14:59:06,153.0
2025-06-13 14:59:07,154.0
2025-06-13 14:59:08,154.0
2025-06-13 14:59:09,153.33333333333334
2025-06-13 14:59:10,153.5
2025-06-13 14:59:11,154.0
2025-06-13 14:59:12,154.0
2025-06-13 14:59:13,154.0
2025-06-13 14:59:14,154.0
2025-06-13 14:59:15,154.0
2025-06-13 14:59:16,154.0
2025-06-13 14:59:17,154.5
2025-06-13 14:59:18,154.33333333333334
2025-06-13 14:59:19,154.5
2025-06-13 14:59:20,155.0
2025-06-13 14:59:21,154.5
2025-06-13 14:59:22,155.0
2025-06-13 14:59:23,155.0
2025-06-13 14:59:24,155.0
2025-06-13 14:59:25,156.0
2025-06-13 14:59:26,156.0
2025-06-13 14:59:27,156.0
2025-06-13 14:59:28,156.0
2025-06-13 14:59:29,156.0
2025-06-13 14:59:30,156.0
2025-06-13 14:59:31,156.5
2025-06-13 14:59:32,156.33333333333334
2025-06-13 14:59:33,157.0
2025-06-13 14:59:34,157.0
2025-06-13 14:59:35,156.5
2025-06-13 14:59:36,156.0
2025-06-13 14:59:37,157.0
2025-06-13 14:59:38,157.0
2025-06-13 14:59:39,156.33333333333334
2025-06-13 14:59:40,156.5
2025-06-13 14:59:41,156.0
2025-06-13 14:59:42,156.5
2025-06-13 14:59:43,157.0
2025-06-13 14:59:44,157.0
2025-06-13 14:59:45,157.0
2025-06-13 14:59:46,157.5
2025-06-13 14:59:47,157.5
2025-06-13 14:59:48,158.0
2025-06-13 14:59:49,157.5
2025-06-13 14:59:50,157.5
2025-06-13 14:59:51,158.0
2025-06-13 14:59:52,158.0
2025-06-13 14:59:53,157.5
2025-06-13 14:59:54,157.66666666666666
2025-06-13 14:59:55,158.0
2025-06-13 14:59:56,157.66666666666666
2025-06-13 14:59:57,158.0
2025-06-13 14:59:58,158.0
2025-06-13 14:59:59,158.0
2025-06-13 15:00:00,158.0
2025-06-13 15:00:01,157.66666666666666
2025-06-13 15:00:02,158.0
2025-06-13 15:00:03,158.0
2025-06-13 15:00:04,158.0
2025-06-13 15:00:05,158.0
2025-06-13 15:00:06,158.0
2025-06-13 15:00:07,158.0
2025-06-13 15:00:08,158.33333333333334
2025-06-13 15:00:09,158.5
2025-06-13 15:00:10,158.0
2025-06-13 15:00:11,158.0
2025-06-13 15:00:12,158.0
2025-06-13 15:00:13,158.66666666666666
2025-06-13 15:00:14,159.0
2025-06-13 15:00:15,158.5
2025-06-13 15:00:16,159.0
2025-06-13 15:00:17,158.5
2025-06-13 15:00:18,158.5
2025-06-13 15:00:19,159.0
2025-06-13 15:00:20,159.0
2025-06-13 15:00:21,159.0
2025-06-13 15:00:22,159.0
2025-06-13 15:00:23,159.0
2025-06-13 15:00:24,159.0
2025-06-13 15:00:25,159.0
2025-06-13 15:00:26,159.0
2025-06-13 15:00:27,159.0
2025-06-13 15:00:28,159.0
2025-06-13 15:00:29,159.0
2025-06-13 15:00:30,159.0
2025-06-13 15:00:31,159.0
2025-06-13 15:00:32,159.0
2025-06-13 15:00:33,159.0
2025-06-13 15:00:34,159.0
2025-06-13 15:00:35,159.0
2025-06-13 15:00:36,159.0
2025-06-13 15:00:37,159.0
2025-06-13 15:00:38,159.0
2025-06-13 15:00:39,159.0
2025-06-13 15:00:40,159.0
2025-06-13 15:00:41,159.0
2025-06-13 15:00:42,159.0
2025-06-13 15:00:43,158.66666666666666
2025-06-13 15:00:44,158.0
2025-06-13 15:00:45,158.0
2025-06-13 15:00:46,158.0
2025-06-13 15:00:47,158.0
2025-06-13 15:00:48,158.5
2025-06-13 15:00:49,158.0
2025-06-13 15:00:50,158.0
2025-06-13 15:00:51,158.0
2025-06-13 15:00:52,158.0
2025-06-13 15:00:53,158.0
2025-06-13 15:00:54,157.0
2025-06-13 15:00:55,156.0
2025-06-13 15:00:56,155.25
2025-06-13 15:00:57,154.0
2025-06-13 15:00:58,153.0
2025-06-13 15:00:59,152.0
2025-06-13 15:01:00,151.5
2025-06-13 15:01:01,150.5
2025-06-13 15:01:02,149.5
2025-06-13 15:01:03,149.0
2025-06-13 15:01:04,149.0
2025-06-13 15:01:05,149.0
2025-06-13 15:01:06,148.0
2025-06-13 15:01:07,147.0
2025-06-13 15:01:08,147.0
2025-06-13 15:01:09,146.0
2025-06-13 15:01:10,144.5
2025-06-13 15:01:11,142.5
2025-06-13 15:01:12,140.0
2025-06-13 15:01:13,139.0
2025-06-13 15:01:14,138.0
2025-06-13 15:01:15,137.33333333333334
2025-06-13 15:01:16,137.66666666666666
2025-06-13 15:01:17,137.0
2025-06-13 15:01:18,137.0
2025-06-13 15:01:19,137.25
2025-06-13 15:01:20,138.0
2025-06-13 15:01:21,139.5
2025-06-13 15:01:22,140.75
2025-06-13 15:01:23,138.5
2025-06-13 15:01:24,136.5
2025-06-13 15:01:25,135.5
2025-06-13 15:01:26,135.0
2025-06-13 15:01:27,135.0
2025-06-13 15:01:28,135.33333333333334
2025-06-13 15:01:29,135.33333333333334
2025-06-13 15:01:30,132.5
2025-06-13 15:01:31,131.5
2025-06-13 15:01:32,131.0
2025-06-13 15:01:33,131.0
2025-06-13 15:01:34,131.5
2025-06-13 15:01:35,133.75
2025-06-13 15:01:36,134.0
2025-06-13 15:01:37,131.5
2025-06-13 15:01:38,130.0
2025-06-13 15:01:39,128.5
2025-06-13 15:01:40,128.0
2025-06-13 15:01:41,127.0
2025-06-13 15:01:42,124.5
2025-06-13 15:01:43,121.5
2025-06-13 15:01:44,120.33333333333333
2025-06-13 15:01:45,121.0
2025-06-13 15:01:46,121.5
2025-06-13 15:01:47,124.0
2025-06-13 15:01:48,124.66666666666667
2025-06-13 15:01:49,123.5
2025-06-13 15:01:50,123.0
2025-06-13 15:01:51,123.0
2025-06-13 15:01:52,123.0
2025-06-13 15:01:53,123.0
2025-06-13 15:01:54,121.33333333333333
2025-06-13 15:01:55,121.0
2025-06-13 15:01:56,121.5
2025-06-13 15:01:57,122.5
2025-06-13 15:01:58,123.0
2025-06-13 15:01:59,123.0
2025-06-13 15:02:00,122.5
2025-06-13 15:02:01,121.66666666666667
2025-06-13 15:02:02,119.5
2025-06-13 15:02:03,118.5
2025-06-13 15:02:04,118.0
2025-06-13 15:02:05,118.66666666666667
2025-06-13 15:02:06,120.5
2025-06-13 15:02:07,121.0
2025-06-13 15:02:08,120.25
2025-06-13 15:02:09,120.0
2025-06-13 15:02:10,120.0
2025-06-13 15:02:11,121.0
2025-06-13 15:02:12,122.33333333333333
2025-06-13 15:02:13,123.0
2025-06-13 15:02:14,123.0
2025-06-13 15:02:15,123.0
2025-06-13 15:02:16,123.0
2025-06-13 15:02:17,123.0
2025-06-13 15:02:18,123.0
2025-06-13 15:02:19,123.0
2025-06-13 15:02:20,122.0
2025-06-13 15:02:21,120.0
2025-06-13 15:02:24,116.0
2025-06-13 15:02:25,114.33333333333333
2025-06-13 15:03:32,106.0
2025-06-13 15:04:57,110.0
2025-06-13 15:05:06,109.0
2025-06-13 15:05:07,109.0
2025-06-13 15:05:08,109.0
2025-06-13 15:05:09,109.66666666666667
2025-06-13 15:05:10,111.0
2025-06-13 15:05:11,111.0
2025-06-13 15:05:12,112.0
2025-06-13 15:05:13,110.0
2025-06-13 15:05:14,109.5
2025-06-13 15:05:15,107.66666666666667
2025-06-13 15:05:16,107.0
2025-06-13 15:05:17,106.0
2025-06-13 15:05:18,106.5
2025-06-13 15:05:19,107.0
2025-06-13 15:05:20,108.0
2025-06-13 15:05:21,109.0
2025-06-13 15:05:22,109.0
2025-06-13 15:05:23,109.0
2025-06-13 15:05:24,109.0
2025-06-13 15:05:25,109.0
2025-06-13 15:05:26,109.0
2025-06-13 15:05:27,109.0
2025-06-13 15:05:28,109.0
2025-06-13 15:05:29,109.0
2025-06-13 15:05:30,109.0
2025-06-13 15:05:31,109.66666666666667
2025-06-13 15:05:32,111.0
2025-06-13 15:05:33,112.0
2025-06-13 15:05:34,112.0
2025-06-13 15:05:35,113.0
2025-06-13 15:05:36,115.0
2025-06-13 15:05:37,116.0
2025-06-13 15:05:38,115.33333333333333
2025-06-13 15:05:39,113.5
2025-06-13 15:05:40,113.0
2025-06-13 15:05:41,113.0
2025-06-13 15:05:42,112.5
2025-06-13 15:05:43,111.0
2025-06-13 15:05:44,110.0
2025-06-13 15:05:45,110.0
2025-06-13 15:05:46,109.5
2025-06-13 15:05:47,109.0
2025-06-13 15:05:48,109.0
2025-06-13 15:05:49,108.0
2025-06-13 15:05:50,108.0
2025-06-13 15:05:51,108.0
2025-06-13 15:05:52,109.0
2025-06-13 15:05:53,109.0
2025-06-13 15:05:54,109.0
2025-06-13 15:05:55,109.5
2025-06-13 15:05:56,110.0
2025-06-13 15:05:57,110.0
2025-06-13 15:05:58,110.0
2025-06-13 15:05:59,111.0
2025-06-13 15:06:00,110.66666666666667
2025-06-13 15:06:01,111.0
2025-06-13 15:06:02,110.0
2025-06-13 15:06:03,110.0
2025-06-13 15:06:04,110.0
2025-06-13 15:06:05,110.0
2025-06-13 15:06:06,110.5
2025-06-13 15:06:07,111.0
2025-06-13 15:06:08,111.5
2025-06-13 15:06:09,112.0
2025-06-13 15:06:10,111.33333333333333
2025-06-13 15:06:11,111.0
2025-06-13 15:06:12,111.0
2025-06-13 15:06:13,112.0
2025-06-13 15:06:14,113.0
2025-06-13 15:06:15,114.0
2025-06-13 15:06:16,114.0
2025-06-13 15:06:17,114.0
2025-06-13 15:06:18,114.0
2025-06-13 15:06:19,114.0
2025-06-13 15:06:20,114.0
2025-06-13 15:06:21,114.0
2025-06-13 15:06:22,114.0
2025-06-13 15:06:23,114.0
2025-06-13 15:06:24,114.0
2025-06-13 15:06:25,113.5
2025-06-13 15:06:26,113.0
2025-06-13 15:06:27,113.0
2025-06-13 15:06:28,113.0
2025-06-13 15:06:29,112.0
2025-06-13 15:06:30,111.0
2025-06-13 15:06:31,111.0
2025-06-13 15:06:32,111.0
2025-06-13 15:06:33,111.0
2025-06-13 15:06:34,110.0
2025-06-13 15:06:35,108.5
2025-06-13 15:06:36,107.0
2025-06-13 15:06:37,106.5
2025-06-13 15:06:38,105.5
2025-06-13 15:06:39,106.0
2025-06-13 15:06:40,107.0
2025-06-13 15:06:41,109.5
2025-06-13 15:06:42,110.0
2025-06-13 15:06:43,111.0
2025-06-13 15:06:44,111.0
2025-06-13 15:06:45,110.0
2025-06-13 15:06:46,110.0
2025-06-13 15:06:47,110.0
2025-06-13 15:06:48,109.5
2025-06-13 15:06:49,109.0
2025-06-13 15:06:50,109.0
2025-06-13 15:06:51,109.0
2025-06-13 15:06:52,110.0
2025-06-13 15:06:53,110.0
2025-06-13 15:06:54,110.0
2025-06-13 15:06:55,110.33333333333333
2025-06-13 15:06:56,110.0
2025-06-13 15:06:57,110.0
2025-06-13 15:06:58,110.0
2025-06-13 15:06:59,110.0
2025-06-13 15:07:00,110.0
2025-06-13 15:07:01,110.0
2025-06-13 15:07:02,111.0
2025-06-13 15:07:03,110.0
2025-06-13 15:07:04,110.0
2025-06-13 15:07:05,111.0
2025-06-13 15:07:06,111.0
2025-06-13 15:07:07,111.5
2025-06-13 15:07:08,111.0
2025-06-13 15:07:09,111.0
2025-06-13 15:07:10,111.0
2025-06-13 15:07:11,111.0
2025-06-13 15:07:12,111.5
2025-06-13 15:07:13,112.0
2025-06-13 15:07:14,112.0
2025-06-13 15:07:15,112.33333333333333
2025-06-13 15:07:16,113.0
2025-06-13 15:07:17,114.5
2025-06-13 15:07:18,115.66666666666667
2025-06-13 15:07:19,115.66666666666667
2025-06-13 15:07:20,113.0
2025-06-13 15:07:21,110.5
2025-06-13 15:07:22,109.33333333333333
2025-06-13 15:07:23,108.0
2025-06-13 15:07:24,107.0
2025-06-13 15:07:25,107.0
2025-06-13 15:07:26,107.0
2025-06-13 15:07:27,108.5
2025-06-13 15:07:28,111.0
2025-06-13 15:07:29,112.5
2025-06-13 15:07:30,114.5
2025-06-13 15:07:31,116.33333333333333
2025-06-13 15:07:32,118.0
2025-06-13 15:07:33,120.0
2025-06-13 15:07:34,122.33333333333333
2025-06-13 15:07:35,124.33333333333333
2025-06-13 15:07:36,126.5
2025-06-13 15:07:37,129.0
2025-06-13 15:07:38,129.66666666666666
2025-06-13 15:07:39,132.33333333333334
2025-06-13 15:07:40,134.5
2025-06-13 15:07:41,135.5
2025-06-13 15:07:42,137.0
2025-06-13 15:07:43,138.0
2025-06-13 15:07:44,139.0
2025-06-13 15:07:45,140.33333333333334
2025-06-13 15:07:46,141.0
2025-06-13 15:07:47,141.5
2025-06-13 15:07:48,142.0
2025-06-13 15:07:49,143.0
2025-06-13 15:07:50,143.0
2025-06-13 15:07:51,144.0
2025-06-13 15:07:52,144.0
2025-06-13 15:07:53,144.5
2025-06-13 15:07:54,145.0
2025-06-13 15:07:55,145.0
2025-06-13 15:07:56,145.0
2025-06-13 15:07:57,146.0
2025-06-13 15:07:58,145.5
2025-06-13 15:07:59,146.0
2025-06-13 15:08:00,146.66666666666666
2025-06-13 15:08:01,147.0
2025-06-13 15:08:02,147.0
2025-06-13 15:08:03,147.0
2025-06-13 15:08:04,147.66666666666666
2025-06-13 15:08:05,148.0
2025-06-13 15:08:06,148.0
2025-06-13 15:08:07,149.0
2025-06-13 15:08:08,149.0
2025-06-13 15:08:09,149.0
2025-06-13 15:08:10,149.66666666666666
2025-06-13 15:08:11,149.5
2025-06-13 15:08:12,150.0
2025-06-13 15:08:13,150.0
2025-06-13 15:08:14,150.0
2025-06-13 15:08:15,150.0
2025-06-13 15:08:16,150.0
2025-06-13 15:08:17,150.0
2025-06-13 15:08:18,151.0
2025-06-13 15:08:19,151.0
2025-06-13 15:08:20,151.0
2025-06-13 15:08:21,151.0
2025-06-13 15:08:22,151.0
2025-06-13 15:08:23,151.33333333333334
2025-06-13 15:08:24,151.33333333333334
2025-06-13 15:08:25,152.0
2025-06-13 15:08:26,152.0
2025-06-13 15:08:27,152.0
2025-06-13 15:08:28,152.66666666666666
2025-06-13 15:08:29,153.5
2025-06-13 15:08:30,153.66666666666666
2025-06-13 15:08:31,154.0
2025-06-13 15:08:32,154.0
2025-06-13 15:08:33,154.0
2025-06-13 15:08:34,154.0
2025-06-13 15:08:35,155.0
2025-06-13 15:08:36,155.0
2025-06-13 15:08:37,155.0
2025-06-13 15:08:38,155.0
2025-06-13 15:08:39,155.66666666666666
2025-06-13 15:08:40,156.0
2025-06-13 15:08:41,156.0
2025-06-13 15:08:42,156.5
2025-06-13 15:08:43,157.0
2025-06-13 15:08:44,156.5
2025-06-13 15:08:45,157.0
2025-06-13 15:08:46,157.0
2025-06-13 15:08:47,157.0
2025-06-13 15:08:48,157.0
2025-06-13 15:08:49,157.0
2025-06-13 15:08:50,157.0
2025-06-13 15:08:51,157.5
2025-06-13 15:08:52,157.0
2025-06-13 15:08:53,157.0
2025-06-13 15:08:54,157.0
2025-06-13 15:08:55,157.0
2025-06-13 15:08:56,157.5
2025-06-13 15:08:57,157.5
2025-06-13 15:08:58,158.0
2025-06-13 15:08:59,157.66666666666666
2025-06-13 15:09:00,157.5
2025-06-13 15:09:01,157.66666666666666
2025-06-13 15:09:02,158.0
2025-06-13 15:09:03,158.0
2025-06-13 15:09:04,157.5
2025-06-13 15:09:05,157.33333333333334
2025-06-13 15:09:06,157.66666666666666
2025-06-13 15:09:07,158.0
2025-06-13 15:09:08,157.5
2025-06-13 15:09:09,158.0
2025-06-13 15:09:10,158.0
2025-06-13 15:09:11,157.5
2025-06-13 15:09:12,158.0
2025-06-13 15:09:13,158.0
2025-06-13 15:09:14,158.0
2025-06-13 15:09:15,158.0
2025-06-13 15:09:16,158.0
2025-06-13 15:09:17,158.0
2025-06-13 15:09:18,158.0
2025-06-13 15:09:19,158.0
2025-06-13 15:09:20,158.0
2025-06-13 15:09:21,158.0
2025-06-13 15:09:22,158.33333333333334
2025-06-13 15:09:23,158.5
2025-06-13 15:09:24,158.5
2025-06-13 15:09:25,159.0
2025-06-13 15:09:26,158.5
2025-06-13 15:09:27,159.0
2025-06-13 15:09:28,159.0
2025-06-13 15:09:29,159.0
2025-06-13 15:09:30,159.0
2025-06-13 15:09:31,159.0
2025-06-13 15:09:32,158.33333333333334
2025-06-13 15:09:33,159.0
2025-06-13 15:09:34,159.33333333333334
2025-06-13 15:09:35,159.0
2025-06-13 15:09:36,159.5
2025-06-13 15:09:37,159.0
2025-06-13 15:09:38,159.0
2025-06-13 15:09:39,159.0
2025-06-13 15:09:40,159.0
2025-06-13 15:09:41,159.0
2025-06-13 15:09:42,159.0
2025-06-13 15:09:43,159.0
2025-06-13 15:09:44,159.0
2025-06-13 15:09:45,159.0
2025-06-13 15:09:46,159.0
2025-06-13 15:09:47,159.0
2025-06-13 15:09:48,159.0
2025-06-13 15:09:49,159.0
2025-06-13 15:09:50,159.0
2025-06-13 15:09:51,159.0
2025-06-13 15:09:52,159.0
2025-06-13 15:09:53,159.0
2025-06-13 15:09:54,159.0
2025-06-13 15:09:55,159.0
2025-06-13 15:09:56,159.0
2025-06-13 15:09:57,160.0
2025-06-13 15:09:58,160.0
2025-06-13 15:09:59,160.0
2025-06-13 15:10:00,159.66666666666666
2025-06-13 15:10:01,160.0
2025-06-13 15:10:02,160.0
2025-06-13 15:10:03,160.0
2025-06-13 15:10:04,160.0
2025-06-13 15:10:05,160.0
2025-06-13 15:10:06,160.0
2025-06-13 15:10:07,160.8
2025-06-13 15:10:08,160.5
2025-06-13 15:10:09,160.5
2025-06-13 15:10:10,161.0
2025-06-13 15:10:11,161.0
2025-06-13 15:10:12,160.5
2025-06-13 15:10:13,160.5
2025-06-13 15:10:14,160.66666666666666
2025-06-13 15:10:15,161.0
2025-06-13 15:10:16,161.5
2025-06-13 15:10:17,161.0
2025-06-13 15:10:18,161.0
2025-06-13 15:10:19,161.0
2025-06-13 15:10:20,160.0
2025-06-13 15:10:21,160.0
2025-06-13 15:10:22,161.0
2025-06-13 15:10:23,160.33333333333334
2025-06-13 15:10:24,160.0
2025-06-13 15:10:25,160.0
2025-06-13 15:10:26,161.0
2025-06-13 15:10:27,161.0
2025-06-13 15:10:28,162.0
2025-06-13 15:10:29,162.0
2025-06-13 15:10:30,163.0
2025-06-13 15:10:31,163.0
2025-06-13 15:10:32,163.0
2025-06-13 15:10:33,163.0
2025-06-13 15:10:34,162.5
2025-06-13 15:10:35,162.0
2025-06-13 15:10:36,162.0
2025-06-13 15:10:37,163.0
2025-06-13 15:10:38,163.0
2025-06-13 15:10:39,164.0
2025-06-13 15:10:40,164.0
2025-06-13 15:10:41,164.75
2025-06-13 15:10:42,165.5
2025-06-13 15:10:43,166.5
2025-06-13 15:10:44,167.0
2025-06-13 15:10:45,167.0
2025-06-13 15:10:46,168.0
2025-06-13 15:10:47,168.5
2025-06-13 15:10:48,169.0
2025-06-13 15:10:49,169.0
2025-06-13 15:10:50,167.5
2025-06-13 15:10:51,167.0
2025-06-13 15:10:52,167.0
2025-06-13 15:10:53,167.0
2025-06-13 15:10:54,166.5
2025-06-13 15:10:55,166.0
2025-06-13 15:10:56,165.0
2025-06-13 15:10:57,164.33333333333334
2025-06-13 15:10:58,164.0
2025-06-13 15:10:59,163.66666666666666
2025-06-13 15:11:00,162.5
2025-06-13 15:11:01,161.33333333333334
2025-06-13 15:11:02,161.0
2025-06-13 15:11:03,161.0
2025-06-13 15:11:04,160.5
2025-06-13 15:11:05,160.66666666666666
2025-06-13 15:11:06,160.5
2025-06-13 15:11:07,161.0
2025-06-13 15:11:08,161.0
2025-06-13 15:11:09,160.5
2025-06-13 15:11:10,160.0
2025-06-13 15:11:11,160.0
2025-06-13 15:11:12,160.0
2025-06-13 15:11:13,160.0
2025-06-13 15:11:14,160.0
2025-06-13 15:11:15,160.0
2025-06-13 15:11:16,160.0
2025-06-13 15:11:17,160.33333333333334
2025-06-13 15:11:18,160.0
2025-06-13 15:11:19,160.0
2025-06-13 15:11:20,160.5
2025-06-13 15:11:21,160.0
2025-06-13 15:11:22,160.0
2025-06-13 15:11:23,160.0
2025-06-13 15:11:24,160.25
2025-06-13 15:11:25,160.33333333333334
2025-06-13 15:11:26,161.0
2025-06-13 15:11:27,160.0
2025-06-13 15:11:28,160.33333333333334
2025-06-13 15:11:29,160.0
2025-06-13 15:11:30,160.0
2025-06-13 15:11:31,160.0
2025-06-13 15:11:32,160.0
2025-06-13 15:11:33,160.0
2025-06-13 15:11:34,160.0
2025-06-13 15:11:35,160.0
2025-06-13 15:11:36,160.0
2025-06-13 15:11:37,160.0
2025-06-13 15:11:38,160.0
2025-06-13 15:11:39,160.0
2025-06-13 15:11:40,161.0
2025-06-13 15:11:41,160.33333333333334
2025-06-13 15:11:42,161.0
2025-06-13 15:11:43,161.0
2025-06-13 15:11:44,161.0
2025-06-13 15:11:45,161.0
2025-06-13 15:11:46,161.0
2025-06-13 15:11:47,161.0
2025-06-13 15:11:48,161.0
2025-06-13 15:11:49,161.0
2025-06-13 15:11:50,161.0
2025-06-13 15:11:51,161.0
2025-06-13 15:11:52,161.5
2025-06-13 15:11:53,161.0
2025-06-13 15:11:54,161.0
2025-06-13 15:11:55,161.0
2025-06-13 15:11:56,161.0
2025-06-13 15:11:57,161.33333333333334
2025-06-13 15:11:58,161.0
2025-06-13 15:11:59,161.0
2025-06-13 15:12:00,161.25
2025-06-13 15:12:01,162.0
2025-06-13 15:12:02,161.0
2025-06-13 15:12:03,161.25
2025-06-13 15:12:04,161.5
2025-06-13 15:12:05,161.0
2025-06-13 15:12:06,161.66666666666666
2025-06-13 15:12:07,161.66666666666666
2025-06-13 15:12:08,162.0
2025-06-13 15:12:09,161.5
2025-06-13 15:12:10,162.0
2025-06-13 15:12:11,162.0
2025-06-13 15:12:12,162.0
2025-06-13 15:12:13,162.0
2025-06-13 15:12:14,162.0
2025-06-13 15:12:15,162.0
2025-06-13 15:12:16,162.0
2025-06-13 15:12:17,162.0
2025-06-13 15:12:18,162.5
2025-06-13 15:12:19,163.0
2025-06-13 15:12:20,163.0
2025-06-13 15:12:21,163.0
2025-06-13 15:12:22,163.0
2025-06-13 15:12:23,163.0
2025-06-13 15:12:24,164.0
2025-06-13 15:12:25,163.5
2025-06-13 15:12:26,164.0
2025-06-13 15:12:27,163.0
2025-06-13 15:12:28,163.5
2025-06-13 15:12:29,163.75
2025-06-13 15:12:30,163.5
2025-06-13 15:12:31,163.5
2025-06-13 15:12:32,163.0
2025-06-13 15:12:33,163.0
2025-06-13 15:12:34,163.0
2025-06-13 15:12:35,163.0
2025-06-13 15:12:36,163.0
2025-06-13 15:12:37,163.0
2025-06-13 15:12:38,163.0
2025-06-13 15:12:39,163.0
2025-06-13 15:12:40,163.0
2025-06-13 15:12:41,163.0
2025-06-13 15:12:42,163.0
2025-06-13 15:12:43,163.0
2025-06-13 15:12:44,163.0
2025-06-13 15:12:45,163.0
2025-06-13 15:12:46,163.0
2025-06-13 15:12:47,163.0
2025-06-13 15:12:48,163.0
2025-06-13 15:12:49,163.0
2025-06-13 15:12:50,163.5
2025-06-13 15:12:51,164.0
2025-06-13 15:12:52,164.0
2025-06-13 15:12:53,163.0
2025-06-13 15:12:54,164.0
2025-06-13 15:12:55,164.0
2025-06-13 15:12:56,164.0
2025-06-13 15:12:57,164.0
2025-06-13 15:12:58,164.0
2025-06-13 15:12:59,164.0
2025-06-13 15:13:00,164.5
2025-06-13 15:13:01,164.0
2025-06-13 15:13:02,164.0
2025-06-13 15:13:03,164.0
2025-06-13 15:13:04,165.0
2025-06-13 15:13:05,164.66666666666666
2025-06-13 15:13:06,164.5
2025-06-13 15:13:07,165.0
2025-06-13 15:13:08,164.5
2025-06-13 15:13:09,165.0
2025-06-13 15:13:10,164.5
2025-06-13 15:13:11,165.0
2025-06-13 15:13:12,165.0
2025-06-13 15:13:13,165.0
2025-06-13 15:13:14,165.0
2025-06-13 15:13:15,165.0
2025-06-13 15:13:16,165.0
2025-06-13 15:13:17,165.66666666666666
2025-06-13 15:13:18,165.5
2025-06-13 15:13:19,165.0
2025-06-13 15:13:20,166.0
2025-06-13 15:13:21,165.33333333333334
2025-06-13 15:13:22,165.5
2025-06-13 15:13:23,165.5
2025-06-13 15:13:24,166.0
2025-06-13 15:13:25,166.0
2025-06-13 15:13:26,166.0
2025-06-13 15:13:27,166.0
2025-06-13 15:13:28,166.0
2025-06-13 15:13:29,166.0
2025-06-13 15:13:30,166.0
2025-06-13 15:13:31,166.0
2025-06-13 15:13:32,166.0
2025-06-13 15:13:33,166.0
2025-06-13 15:13:34,166.0
2025-06-13 15:13:35,166.0
2025-06-13 15:13:36,166.0
2025-06-13 15:13:37,166.0
2025-06-13 15:13:38,166.0
2025-06-13 15:13:39,166.0
2025-06-13 15:13:40,166.0
2025-06-13 15:13:41,166.0
2025-06-13 15:13:42,166.0
2025-06-13 15:13:43,166.0
2025-06-13 15:13:44,166.0
2025-06-13 15:13:45,166.0
2025-06-13 15:13:46,166.0
2025-06-13 15:13:47,166.0
2025-06-13 15:13:48,166.0
2025-06-13 15:13:49,166.0
2025-06-13 15:13:50,166.0
2025-06-13 15:13:51,166.5
2025-06-13 15:13:52,166.0
2025-06-13 15:13:53,166.33333333333334
2025-06-13 15:13:54,166.33333333333334
2025-06-13 15:13:55,166.0
2025-06-13 15:13:56,166.66666666666666
2025-06-13 15:13:57,166.5
2025-06-13 15:13:58,166.0
2025-06-13 15:13:59,167.0
2025-06-13 15:14:00,166.25
2025-06-13 15:14:01,166.5
2025-06-13 15:14:02,166.5
2025-06-13 15:14:03,167.0
2025-06-13 15:14:04,167.0
2025-06-13 15:14:05,167.0
2025-06-13 15:14:06,167.0
2025-06-13 15:14:07,167.0
2025-06-13 15:14:08,167.0
2025-06-13 15:14:09,167.0
2025-06-13 15:14:10,167.0
2025-06-13 15:14:11,167.0
2025-06-13 15:14:12,167.0
2025-06-13 15:14:13,167.0
2025-06-13 15:14:14,167.0
2025-06-13 15:14:15,167.5
2025-06-13 15:14:16,167.0
2025-06-13 15:14:17,167.5
2025-06-13 15:14:18,167.0
2025-06-13 15:14:19,167.33333333333334
2025-06-13 15:14:20,167.0
2025-06-13 15:14:21,167.0
2025-06-13 15:14:22,167.0
2025-06-13 15:14:23,167.0
2025-06-13 15:14:24,167.0
2025-06-13 15:14:25,167.0
2025-06-13 15:14:26,167.0
2025-06-13 15:14:27,167.0
2025-06-13 15:14:28,167.0
2025-06-13 15:14:29,167.0
2025-06-13 15:14:30,167.0
2025-06-13 15:14:31,167.0
2025-06-13 15:14:32,167.0
2025-06-13 15:14:33,166.33333333333334
2025-06-13 15:14:34,167.0
2025-06-13 15:14:35,167.0
2025-06-13 15:14:36,167.0
2025-06-13 15:14:37,166.5
2025-06-13 15:14:38,167.0
2025-06-13 15:14:39,167.0
2025-06-13 15:14:40,166.5
2025-06-13 15:14:41,167.0
2025-06-13 15:14:42,167.0
2025-06-13 15:14:43,167.5
2025-06-13 15:14:44,168.0
2025-06-13 15:14:45,168.0
2025-06-13 15:14:46,168.0
2025-06-13 15:14:47,168.0
2025-06-13 15:14:48,168.0
2025-06-13 15:14:49,168.0
2025-06-13 15:14:50,168.0
2025-06-13 15:14:51,168.0
2025-06-13 15:14:52,168.0
2025-06-13 15:14:53,168.0
2025-06-13 15:14:54,168.0
2025-06-13 15:14:55,168.0
2025-06-13 15:14:56,168.0
2025-06-13 15:14:57,168.0
2025-06-13 15:14:58,168.0
2025-06-13 15:14:59,168.0
2025-06-13 15:15:00,168.0
2025-06-13 15:15:01,168.0
2025-06-13 15:15:02,168.0
2025-06-13 15:15:03,168.0
2025-06-13 15:15:04,168.0
2025-06-13 15:15:05,168.0
2025-06-13 15:15:06,167.75
2025-06-13 15:15:07,167.5
2025-06-13 15:15:08,167.5
2025-06-13 15:15:09,167.66666666666666
2025-06-13 15:15:10,168.0
2025-06-13 15:15:11,168.0
2025-06-13 15:15:12,167.5
2025-06-13 15:15:13,167.75
2025-06-13 15:15:14,167.5
2025-06-13 15:15:15,168.0
2025-06-13 15:15:16,167.66666666666666
2025-06-13 15:15:17,167.33333333333334
2025-06-13 15:15:18,167.5
2025-06-13 15:15:19,167.5
2025-06-13 15:15:20,167.75
2025-06-13 15:15:21,168.0
2025-06-13 15:15:22,167.5
2025-06-13 15:15:23,167.66666666666666
2025-06-13 15:15:24,167.66666666666666
2025-06-13 15:15:25,167.5
2025-06-13 15:15:26,167.0
2025-06-13 15:15:27,167.0
2025-06-13 15:15:28,167.5
2025-06-13 15:15:29,167.5
2025-06-13 15:15:30,167.25
2025-06-13 15:15:31,167.5
2025-06-13 15:15:32,167.5
2025-06-13 15:15:33,167.33333333333334
2025-06-13 15:15:34,168.0
2025-06-13 15:15:35,168.0
2025-06-13 15:15:36,167.33333333333334
2025-06-13 15:15:37,167.75
2025-06-13 15:15:38,168.0
2025-06-13 15:15:39,168.0
2025-06-13 15:15:40,168.0
2025-06-13 15:15:41,168.0
2025-06-13 15:15:42,168.0
2025-06-13 15:15:43,168.33333333333334
2025-06-13 15:15:44,169.0
2025-06-13 15:15:45,169.0
2025-06-13 15:15:46,168.66666666666666
2025-06-13 15:15:47,169.0
2025-06-13 15:15:48,169.0
2025-06-13 15:15:49,168.5
2025-06-13 15:15:50,169.0
2025-06-13 15:15:51,169.0
2025-06-13 15:15:52,169.0
2025-06-13 15:15:53,169.0
2025-06-13 15:15:54,169.0
2025-06-13 15:15:55,168.5
2025-06-13 15:15:56,168.25
2025-06-13 15:15:57,169.0
2025-06-13 15:15:58,169.0
2025-06-13 15:15:59,168.66666666666666
2025-06-13 15:16:00,168.5
2025-06-13 15:16:01,168.0
2025-06-13 15:16:02,168.33333333333334
2025-06-13 15:16:03,168.33333333333334
2025-06-13 15:16:04,168.0
2025-06-13 15:16:05,168.0
2025-06-13 15:16:06,168.0
2025-06-13 15:16:07,168.0
2025-06-13 15:16:08,168.0
2025-06-13 15:16:09,168.0
2025-06-13 15:16:10,168.0
2025-06-13 15:16:11,168.0
2025-06-13 15:16:12,168.0
2025-06-13 15:16:13,168.0
2025-06-13 15:16:14,167.5
2025-06-13 15:16:15,167.5
2025-06-13 15:16:16,167.66666666666666
2025-06-13 15:16:17,167.5
2025-06-13 15:16:18,167.5
2025-06-13 15:16:19,167.5
2025-06-13 15:16:20,168.0
2025-06-13 15:16:21,168.0
2025-06-13 15:16:22,168.0
2025-06-13 15:16:23,168.0
2025-06-13 15:16:24,168.0
2025-06-13 15:16:25,168.0
2025-06-13 15:16:26,168.0
2025-06-13 15:16:27,168.0
2025-06-13 15:16:28,168.0
2025-06-13 15:16:29,168.0
2025-06-13 15:16:30,168.0
2025-06-13 15:16:31,168.0
2025-06-13 15:16:32,168.0
2025-06-13 15:16:33,168.0
2025-06-13 15:16:34,168.0
2025-06-13 15:16:35,167.75
2025-06-13 15:16:36,167.5
2025-06-13 15:16:37,167.0
2025-06-13 15:16:38,167.0
2025-06-13 15:16:39,167.5
2025-06-13 15:16:40,167.5
2025-06-13 15:16:41,167.0
2025-06-13 15:16:42,167.0
2025-06-13 15:16:43,167.0
2025-06-13 15:16:44,167.0
2025-06-13 15:16:45,167.0
2025-06-13 15:16:46,167.0
2025-06-13 15:16:47,167.0
2025-06-13 15:16:48,167.0
2025-06-13 15:16:49,167.0
2025-06-13 15:16:50,167.0
2025-06-13 15:16:51,167.0
2025-06-13 15:16:52,167.0
2025-06-13 15:16:53,167.0
2025-06-13 15:16:54,167.0
2025-06-13 15:16:55,167.0
2025-06-13 15:16:56,167.5
2025-06-13 15:16:57,167.5
2025-06-13 15:16:58,167.66666666666666
2025-06-13 15:16:59,167.0
2025-06-13 15:17:00,167.0
2025-06-13 15:17:01,167.0
2025-06-13 15:17:02,167.5
2025-06-13 15:17:03,167.5
2025-06-13 15:17:04,168.0
2025-06-13 15:17:05,167.5
2025-06-13 15:17:06,167.0
2025-06-13 15:17:07,167.0
2025-06-13 15:17:08,166.0
2025-06-13 15:17:09,166.0
2025-06-13 15:17:10,165.5
2025-06-13 15:17:11,165.0
2025-06-13 15:17:12,164.0
2025-06-13 15:17:13,163.5
2025-06-13 15:17:14,162.25
2025-06-13 15:17:15,161.5
2025-06-13 15:17:16,161.0
2025-06-13 15:17:17,160.33333333333334
2025-06-13 15:17:18,160.0
2025-06-13 15:17:19,158.5
2025-06-13 15:17:20,157.33333333333334
2025-06-13 15:17:21,157.0
2025-06-13 15:17:22,156.0
2025-06-13 15:17:23,155.0
2025-06-13 15:17:24,154.33333333333334
2025-06-13 15:17:25,153.5
2025-06-13 15:17:26,153.0
2025-06-13 15:17:27,152.0
2025-06-13 15:17:28,152.0
2025-06-13 15:17:29,152.0
2025-06-13 15:17:30,151.0
2025-06-13 15:17:31,150.66666666666666
2025-06-13 15:17:32,150.0
2025-06-13 15:17:33,149.33333333333334
2025-06-13 15:17:34,148.25
2025-06-13 15:17:35,146.0
2025-06-13 15:17:36,146.0
2025-06-13 15:17:37,145.0
2025-06-13 15:17:38,145.0
2025-06-13 15:17:39,145.0
2025-06-13 15:17:40,145.0
2025-06-13 15:17:41,146.0
2025-06-13 15:17:42,146.0
2025-06-13 15:17:43,146.0
2025-06-13 15:17:44,145.5
2025-06-13 15:17:45,145.0
2025-06-13 15:17:46,144.0
2025-06-13 15:17:47,143.33333333333334
2025-06-13 15:17:48,142.0
2025-06-13 15:17:49,140.5
2025-06-13 15:17:50,139.75
2025-06-13 15:17:51,138.5
2025-06-13 15:17:52,138.0
2025-06-13 15:17:53,137.5
2025-06-13 15:17:54,137.0
2025-06-13 15:17:55,136.5
2025-06-13 15:17:56,136.0
2025-06-13 15:17:57,137.0
2025-06-13 15:17:58,137.0
2025-06-13 15:17:59,136.33333333333334
2025-06-13 15:18:00,137.0
2025-06-13 15:18:01,137.0
2025-06-13 15:18:02,137.0
2025-06-13 15:18:03,137.0
2025-06-13 15:18:04,137.0
2025-06-13 15:18:05,137.0
2025-06-13 15:18:06,137.0
2025-06-13 15:18:07,137.0
2025-06-13 15:18:08,136.0
2025-06-13 15:18:09,135.75
2025-06-13 15:18:10,135.0
2025-06-13 15:18:11,133.5
2025-06-13 15:18:12,132.33333333333334
2025-06-13 15:18:13,132.0
2025-06-13 15:18:14,131.0
2025-06-13 15:18:15,131.0
2025-06-13 15:18:16,130.33333333333334
2025-06-13 15:18:17,130.0
2025-06-13 15:18:18,130.0
2025-06-13 15:18:19,130.0
2025-06-13 15:18:20,130.0
2025-06-13 15:18:21,130.0
2025-06-13 15:18:22,130.0
2025-06-13 15:18:23,130.0
2025-06-13 15:18:24,131.0
2025-06-13 15:18:25,131.0
2025-06-13 15:18:26,131.0
2025-06-13 15:18:27,131.5
2025-06-13 15:18:28,131.0
2025-06-13 15:18:29,130.66666666666666
2025-06-13 15:18:30,130.0
2025-06-13 15:18:31,129.0
2025-06-13 15:18:32,129.0
2025-06-13 15:18:33,128.5
2025-06-13 15:18:34,128.0
2025-06-13 15:18:35,127.25
2025-06-13 15:18:36,127.0
2025-06-13 15:18:37,127.0
2025-06-13 15:18:38,126.0
2025-06-13 15:18:40,126.0
2025-06-13 15:18:41,126.0
2025-06-13 15:18:42,126.0
2025-06-13 15:18:43,126.0
2025-06-13 15:18:44,126.0
2025-06-13 15:18:45,125.0
2025-06-13 15:18:46,125.0
2025-06-13 15:18:48,125.0
2025-06-13 15:18:49,126.0
2025-06-13 15:18:50,126.0
2025-06-13 15:18:51,126.0
2025-06-13 15:19:02,123.0
2025-06-13 15:19:03,123.0
2025-06-13 15:19:28,120.0
2025-06-13 15:19:41,117.0
2025-06-13 15:19:42,116.0
2025-06-13 15:19:44,113.0
2025-06-13 15:19:45,113.0
2025-06-13 15:19:46,113.0
2025-06-13 15:19:47,113.0
2025-06-13 15:19:48,113.0
2025-06-13 15:19:49,114.0
2025-06-13 15:19:50,115.0
2025-06-13 15:19:51,116.0
2025-06-13 15:19:52,116.0
2025-06-13 15:19:53,116.0
2025-06-13 15:19:56,116.0
2025-06-13 15:20:04,115.0
2025-06-13 15:20:33,117.0
2025-06-13 15:20:35,116.0
2025-06-13 15:20:53,112.0
2025-06-13 15:20:54,113.0
2025-06-13 15:20:55,113.0
2025-06-13 15:21:08,113.0
2025-06-13 15:21:10,113.0
2025-06-13 15:21:15,114.0
2025-06-13 15:21:16,114.0
2025-06-13 15:21:17,114.0
2025-06-13 15:21:19,113.0
2025-06-13 15:21:20,113.0
2025-06-13 15:21:21,112.0
2025-06-13 15:21:22,111.5
2025-06-13 15:21:23,110.5
2025-06-13 15:21:24,109.33333333333333
2025-06-13 15:21:25,109.0
2025-06-13 15:21:26,109.0
2025-06-13 15:21:27,109.0
2025-06-13 15:21:28,109.0
2025-06-13 15:21:29,109.0
2025-06-13 15:21:30,110.0
2025-06-13 15:21:31,109.0
2025-06-13 15:21:34,110.5
2025-06-13 15:21:38,113.0
2025-06-13 15:21:39,114.0
2025-06-13 15:22:00,109.0
2025-06-13 15:22:03,109.0
2025-06-13 15:22:05,110.0
2025-06-13 15:22:06,110.0
2025-06-13 15:22:09,111.0
2025-06-13 15:22:17,109.0
2025-06-13 15:22:18,109.0
2025-06-13 15:22:19,109.0
2025-06-13 15:22:20,109.0
2025-06-13 15:22:21,110.0
2025-06-13 15:22:23,109.0
2025-06-13 15:22:24,109.0
2025-06-13 15:22:43,110.0
2025-06-13 15:22:44,109.0
2025-06-13 15:22:46,110.0
2025-06-13 15:22:47,110.0
2025-06-13 15:22:49,112.0
2025-06-13 15:22:51,112.0
2025-06-13 15:22:53,112.0
2025-06-13 15:22:54,112.0
2025-06-13 15:22:55,112.0
2025-06-13 15:22:57,110.0
2025-06-13 15:22:58,109.5
2025-06-13 15:22:59,108.0
2025-06-13 15:23:00,108.0
2025-06-13 15:23:03,107.0
2025-06-13 15:23:04,107.0
2025-06-13 15:23:07,107.0
2025-06-13 15:23:08,107.0
2025-06-13 15:23:10,106.0
2025-06-13 15:23:11,105.0
2025-06-13 15:23:14,105.0
2025-06-13 15:23:15,105.0
2025-06-13 15:23:16,106.0
2025-06-13 15:23:17,106.0
2025-06-13 15:23:18,106.0
2025-06-13 15:23:19,106.0
2025-06-13 15:23:44,112.0
2025-06-13 15:23:47,106.0
2025-06-13 15:23:50,103.0
2025-06-13 15:23:51,103.0
2025-06-13 15:23:52,104.0
2025-06-13 15:23:55,106.0
2025-06-13 15:23:57,108.0
2025-06-13 15:23:58,108.0
2025-06-13 15:24:00,107.0
2025-06-13 15:24:01,107.0
2025-06-13 15:24:02,107.0
2025-06-13 15:24:04,108.0
2025-06-13 15:24:05,108.0
2025-06-13 15:24:06,109.0
2025-06-13 15:24:07,109.5
2025-06-13 15:24:09,110.0
2025-06-13 15:24:33,115.5
2025-06-13 15:24:34,116.0
2025-06-13 15:24:35,117.5
2025-06-13 15:24:36,118.0
2025-06-13 15:24:37,118.0
2025-06-13 15:24:38,117.0
2025-06-13 15:24:40,117.0
2025-06-13 15:24:42,117.0
2025-06-13 15:24:43,117.0
2025-06-13 15:24:47,116.0
2025-06-13 15:24:48,117.0
2025-06-13 15:24:51,118.0
2025-06-13 15:24:52,118.0
2025-06-13 15:24:53,116.5
2025-06-13 15:24:54,113.0
2025-06-13 15:25:06,111.0
2025-06-13 15:25:15,111.0
2025-06-13 15:25:16,111.33333333333333
2025-06-13 15:25:17,112.0
2025-06-13 15:25:18,112.5
2025-06-13 15:25:19,113.0
2025-06-13 15:25:20,114.0
2025-06-13 15:25:21,114.0
2025-06-13 15:25:22,114.0
2025-06-13 15:25:23,113.5
2025-06-13 15:25:24,113.0
2025-06-13 15:25:25,112.0
2025-06-13 15:25:26,111.5
2025-06-13 15:25:27,111.0
2025-06-13 15:25:28,111.0
2025-06-13 15:25:29,111.0
2025-06-13 15:25:30,111.66666666666667
2025-06-13 15:25:31,112.0
2025-06-13 15:25:32,112.5
2025-06-13 15:25:33,113.0
2025-06-13 15:25:34,114.0
2025-06-13 15:25:35,114.0
2025-06-13 15:25:36,113.5
2025-06-13 15:25:37,113.0
2025-06-13 15:25:38,113.0
2025-06-13 15:25:39,113.0
2025-06-13 15:25:40,113.0
2025-06-13 15:25:41,113.0
2025-06-13 15:25:42,113.0
2025-06-13 15:25:43,112.33333333333333
2025-06-13 15:25:44,111.66666666666667
2025-06-13 15:25:45,111.0
2025-06-13 15:25:46,110.0
2025-06-13 15:25:47,110.0
2025-06-13 15:25:48,110.0
2025-06-13 15:25:49,110.0
2025-06-13 15:25:50,110.0
2025-06-13 15:25:51,110.0
2025-06-13 15:25:52,111.0
2025-06-13 15:25:53,111.0
2025-06-13 15:25:54,112.0
2025-06-13 15:25:55,112.0
2025-06-13 15:25:56,113.0
2025-06-13 15:25:57,113.0
2025-06-13 15:25:58,113.5
2025-06-13 15:25:59,114.66666666666667
2025-06-13 15:26:00,115.0
2025-06-13 15:26:01,115.0
2025-06-13 15:26:02,115.0
2025-06-13 15:26:03,115.0
2025-06-13 15:26:04,115.0
2025-06-13 15:26:05,114.0
2025-06-13 15:26:06,114.0
2025-06-13 15:26:07,114.0
2025-06-13 15:26:08,114.0
2025-06-13 15:26:09,114.5
2025-06-13 15:26:10,115.0
2025-06-13 15:26:11,114.5
2025-06-13 15:26:12,114.0
2025-06-13 15:26:13,114.0
2025-06-13 15:26:14,114.0
2025-06-13 15:26:15,113.0
2025-06-13 15:26:16,113.0
2025-06-13 15:26:17,113.0
2025-06-13 15:26:18,113.0
2025-06-13 15:26:19,113.0
2025-06-13 15:26:20,113.0
2025-06-13 15:26:21,113.0
2025-06-13 15:26:22,113.0
2025-06-13 15:26:23,113.0
2025-06-13 15:26:24,113.0
2025-06-13 15:26:25,113.0
2025-06-13 15:26:26,113.0
2025-06-13 15:26:27,112.0
2025-06-13 15:26:28,112.0
2025-06-13 15:26:29,112.0
2025-06-13 15:26:30,112.0
2025-06-13 15:26:31,113.0
2025-06-13 15:26:32,113.0
2025-06-13 15:26:33,112.5
2025-06-13 15:26:34,113.0
2025-06-13 15:26:35,112.66666666666667
2025-06-13 15:26:36,112.5
2025-06-13 15:26:37,113.0
2025-06-13 15:26:38,113.5
2025-06-13 15:26:39,114.0
2025-06-13 15:26:40,114.0
2025-06-13 15:26:41,114.0
2025-06-13 15:26:42,115.0
2025-06-13 15:26:43,115.0
2025-06-13 15:26:44,115.0
2025-06-13 15:26:45,114.33333333333333
2025-06-13 15:26:46,114.0
2025-06-13 15:26:47,114.0
2025-06-13 15:26:48,114.0
2025-06-13 15:26:49,114.0
2025-06-13 15:26:50,113.0
2025-06-13 15:26:51,113.0
2025-06-13 15:26:52,113.0
2025-06-13 15:26:53,112.0
2025-06-13 15:26:54,112.0
2025-06-13 15:26:55,111.5
2025-06-13 15:26:56,112.0
2025-06-13 15:26:57,112.0
2025-06-13 15:26:58,112.0
2025-06-13 15:26:59,112.0
2025-06-13 15:27:00,112.0
2025-06-13 15:27:01,112.0
2025-06-13 15:27:02,111.5
2025-06-13 15:27:03,111.0
2025-06-13 15:27:04,111.0
2025-06-13 15:27:05,111.0
2025-06-13 15:27:06,111.0
2025-06-13 15:27:07,111.0
2025-06-13 15:27:08,110.33333333333333
2025-06-13 15:27:09,111.0
2025-06-13 15:27:10,111.0
2025-06-13 15:27:11,111.0
2025-06-13 15:27:12,111.0
2025-06-13 15:27:13,111.0
2025-06-13 15:27:14,111.0
2025-06-13 15:27:15,111.66666666666667
2025-06-13 15:27:16,112.0
2025-06-13 15:27:17,113.0
2025-06-13 15:27:18,113.0
2025-06-13 15:27:19,112.0
2025-06-13 15:27:20,112.0
2025-06-13 15:27:21,111.75
2025-06-13 15:27:22,111.0
2025-06-13 15:27:23,112.0
2025-06-13 15:27:24,112.0
2025-06-13 15:27:25,113.0
2025-06-13 15:27:26,113.0
2025-06-13 15:27:27,113.66666666666667
2025-06-13 15:27:28,114.66666666666667
2025-06-13 15:27:29,116.5
2025-06-13 15:27:30,117.66666666666667
2025-06-13 15:27:31,117.66666666666667
2025-06-13 15:27:32,117.0
2025-06-13 15:27:33,117.0
2025-06-13 15:27:34,117.0
2025-06-13 15:27:35,117.0
2025-06-13 15:27:36,117.0
2025-06-13 15:27:37,116.0
2025-06-13 15:27:38,116.0
2025-06-13 15:27:39,116.0
2025-06-13 15:27:40,117.0
2025-06-13 15:27:41,117.5
2025-06-13 15:27:42,118.5
2025-06-13 15:27:43,120.33333333333333
2025-06-13 15:27:44,121.66666666666667
2025-06-13 15:27:45,123.5
2025-06-13 15:27:46,125.66666666666667
2025-06-13 15:27:47,127.0
2025-06-13 15:27:48,129.5
2025-06-13 15:27:49,130.5
2025-06-13 15:27:50,132.33333333333334
2025-06-13 15:27:51,133.5
2025-06-13 15:27:52,135.5
2025-06-13 15:27:53,136.66666666666666
2025-06-13 15:27:54,137.66666666666666
2025-06-13 15:27:55,139.0
2025-06-13 15:27:56,140.5
2025-06-13 15:27:57,141.0
2025-06-13 15:27:58,142.0
2025-06-13 15:27:59,142.0
2025-06-13 15:28:00,143.0
2025-06-13 15:28:01,143.0
2025-06-13 15:28:02,144.0
2025-06-13 15:28:03,144.75
2025-06-13 15:28:04,145.0
2025-06-13 15:28:05,145.5
2025-06-13 15:28:06,146.0
2025-06-13 15:28:07,146.0
2025-06-13 15:28:08,146.5
2025-06-13 15:28:09,147.0
2025-06-13 15:28:10,147.33333333333334
2025-06-13 15:28:11,148.0
2025-06-13 15:28:12,148.0
2025-06-13 15:28:13,148.0
2025-06-13 15:28:14,149.0
2025-06-13 15:28:15,149.0
2025-06-13 15:28:16,149.0
2025-06-13 15:28:17,149.0
2025-06-13 15:28:18,149.5
2025-06-13 15:28:19,150.0
2025-06-13 15:28:20,150.0
2025-06-13 15:28:21,150.0
2025-06-13 15:28:22,151.0
2025-06-13 15:28:23,151.0
2025-06-13 15:28:24,151.0
2025-06-13 15:28:25,151.0
2025-06-13 15:28:26,152.0
2025-06-13 15:28:27,152.0
2025-06-13 15:28:28,152.0
2025-06-13 15:28:29,152.66666666666666
2025-06-13 15:28:30,153.0
2025-06-13 15:28:31,153.0
2025-06-13 15:28:32,153.66666666666666
2025-06-13 15:28:33,154.0
2025-06-13 15:28:34,154.0
2025-06-13 15:28:35,154.66666666666666
2025-06-13 15:28:36,155.0
2025-06-13 15:28:37,155.0
2025-06-13 15:28:38,156.0
2025-06-13 15:28:39,155.66666666666666
2025-06-13 15:28:40,156.0
2025-06-13 15:28:41,156.0
2025-06-13 15:28:42,156.0
2025-06-13 15:28:43,157.0
2025-06-13 15:28:44,157.0
2025-06-13 15:28:45,157.0
2025-06-13 15:28:46,157.0
2025-06-13 15:28:47,157.5
2025-06-13 15:28:48,158.0
2025-06-13 15:28:49,158.0
2025-06-13 15:28:50,158.0
2025-06-13 15:28:51,158.0
2025-06-13 15:28:52,158.66666666666666
2025-06-13 15:28:53,159.0
2025-06-13 15:28:54,159.0
2025-06-13 15:28:55,159.0
2025-06-13 15:28:56,160.0
2025-06-13 15:28:57,160.0
2025-06-13 15:28:58,160.0
2025-06-13 15:28:59,160.0
2025-06-13 15:29:00,160.0
2025-06-13 15:29:01,160.0
2025-06-13 15:29:02,160.0
2025-06-13 15:29:03,161.0
2025-06-13 15:29:04,161.0
2025-06-13 15:29:05,161.0
2025-06-13 15:29:06,161.0
2025-06-13 15:29:07,161.0
2025-06-13 15:29:08,161.0
2025-06-13 15:29:09,161.0
2025-06-13 15:29:10,161.0
2025-06-13 15:29:11,161.33333333333334
2025-06-13 15:29:12,161.5
2025-06-13 15:29:13,162.0
2025-06-13 15:29:14,162.0
2025-06-13 15:29:15,162.0
2025-06-13 15:29:16,162.0
2025-06-13 15:29:17,162.0
2025-06-13 15:29:18,162.0
2025-06-13 15:29:19,163.0
2025-06-13 15:29:20,163.0
2025-06-13 15:29:21,163.0
2025-06-13 15:29:22,163.0
2025-06-13 15:29:23,163.0
2025-06-13 15:29:24,163.0
2025-06-13 15:29:25,163.66666666666666
2025-06-13 15:29:26,164.0
2025-06-13 15:29:27,164.0
2025-06-13 15:29:28,164.0
2025-06-13 15:29:29,164.0
2025-06-13 15:29:30,164.0
2025-06-13 15:29:31,164.25
2025-06-13 15:29:32,164.5
2025-06-13 15:29:33,165.0
2025-06-13 15:29:34,165.0
2025-06-13 15:29:35,165.0
2025-06-13 15:29:36,165.0
2025-06-13 15:29:37,165.66666666666666
2025-06-13 15:29:38,165.33333333333334
2025-06-13 15:29:39,165.5
2025-06-13 15:29:40,165.0
2025-06-13 15:29:41,166.0
2025-06-13 15:29:42,166.0
2025-06-13 15:29:43,166.0
2025-06-13 15:29:44,166.0
2025-06-13 15:29:45,166.0
2025-06-13 15:29:46,166.0
2025-06-13 15:29:47,165.75
2025-06-13 15:29:48,166.0
2025-06-13 15:29:49,166.0
2025-06-13 15:29:50,166.0
2025-06-13 15:29:51,166.0
2025-06-13 15:29:52,166.0
2025-06-13 15:29:53,166.0
2025-06-13 15:29:54,166.0
2025-06-13 15:29:55,166.0
2025-06-13 15:29:56,166.5
2025-06-13 15:29:57,167.0
2025-06-13 15:29:58,167.0
2025-06-13 15:29:59,167.0
2025-06-13 15:30:00,166.33333333333334
2025-06-13 15:30:01,167.0
2025-06-13 15:30:02,167.0
2025-06-13 15:30:03,167.0
2025-06-13 15:30:04,167.0
2025-06-13 15:30:05,167.0
2025-06-13 15:30:06,167.0
2025-06-13 15:30:07,167.5
2025-06-13 15:30:08,167.0
2025-06-13 15:30:09,167.5
2025-06-13 15:30:10,168.0
2025-06-13 15:30:11,168.0
2025-06-13 15:30:12,168.0
2025-06-13 15:30:13,167.66666666666666
2025-06-13 15:30:14,167.66666666666666
2025-06-13 15:30:15,168.0
2025-06-13 15:30:16,167.0
2025-06-13 15:30:17,167.5
2025-06-13 15:30:18,167.5
2025-06-13 15:30:19,167.33333333333334
2025-06-13 15:30:20,167.5
2025-06-13 15:30:21,167.5
2025-06-13 15:30:22,167.5
2025-06-13 15:30:23,167.0
2025-06-13 15:30:24,167.0
2025-06-13 15:30:25,167.0
2025-06-13 15:30:26,167.5
2025-06-13 15:30:27,167.5
2025-06-13 15:30:28,167.0
2025-06-13 15:30:29,167.5
2025-06-13 15:30:30,167.66666666666666
2025-06-13 15:30:31,167.25
2025-06-13 15:30:32,168.0
2025-06-13 15:30:33,168.0
2025-06-13 15:30:34,167.66666666666666
2025-06-13 15:30:35,167.5
2025-06-13 15:30:36,168.0
2025-06-13 15:30:37,167.66666666666666
2025-06-13 15:30:38,167.33333333333334
2025-06-13 15:30:39,167.5
2025-06-13 15:30:40,167.5
2025-06-13 15:30:41,167.75
2025-06-13 15:30:42,168.0
2025-06-13 15:30:43,168.0
2025-06-13 15:30:44,168.0
2025-06-13 15:30:45,168.0
2025-06-13 15:30:46,168.0
2025-06-13 15:30:47,168.0
2025-06-13 15:30:48,168.5
2025-06-13 15:30:49,169.0
2025-06-13 15:30:50,169.0
2025-06-13 15:30:51,168.5
2025-06-13 15:30:52,169.0
2025-06-13 15:30:53,169.0
2025-06-13 15:30:54,169.0
2025-06-13 15:30:55,169.0
2025-06-13 15:30:56,170.0
2025-06-13 15:30:57,170.0
2025-06-13 15:30:58,169.66666666666666
2025-06-13 15:30:59,170.0
2025-06-13 15:31:00,170.0
2025-06-13 15:31:01,170.0
2025-06-13 15:31:02,170.0
2025-06-13 15:31:03,170.0
2025-06-13 15:31:04,170.25
2025-06-13 15:31:05,170.33333333333334
2025-06-13 15:31:06,170.5
2025-06-13 15:31:07,171.0
2025-06-13 15:31:08,171.0
2025-06-13 15:31:09,170.66666666666666
2025-06-13 15:31:10,171.0
2025-06-13 15:31:11,170.75
2025-06-13 15:31:12,170.5
2025-06-13 15:31:13,170.5
2025-06-13 15:31:14,170.66666666666666
2025-06-13 15:31:15,171.0
2025-06-13 15:31:16,171.0
2025-06-13 15:31:17,170.33333333333334
2025-06-13 15:31:18,170.33333333333334
2025-06-13 15:31:19,170.0
2025-06-13 15:31:20,170.0
2025-06-13 15:31:21,170.33333333333334
2025-06-13 15:31:22,171.0
2025-06-13 15:31:23,171.0
2025-06-13 15:31:24,170.66666666666666
2025-06-13 15:31:25,170.0
2025-06-13 15:31:26,171.0
2025-06-13 15:31:27,170.25
2025-06-13 15:31:28,170.5
2025-06-13 15:31:29,171.0
2025-06-13 15:31:30,170.33333333333334
2025-06-13 15:31:31,171.0
2025-06-13 15:31:32,170.5
2025-06-13 15:31:33,170.66666666666666
2025-06-13 15:31:34,171.0
2025-06-13 15:31:35,171.0
2025-06-13 15:31:36,170.66666666666666
2025-06-13 15:31:37,171.0
2025-06-13 15:31:38,171.0
2025-06-13 15:31:39,171.0
2025-06-13 15:31:40,171.0
2025-06-13 15:31:41,171.0
2025-06-13 15:31:42,171.0
2025-06-13 15:31:43,171.0
2025-06-13 15:31:44,171.0
2025-06-13 15:31:45,171.0
2025-06-13 15:31:46,171.0
2025-06-13 15:31:47,171.33333333333334
2025-06-13 15:31:48,171.5
2025-06-13 15:31:49,171.5
2025-06-13 15:31:50,171.5
2025-06-13 15:31:51,172.0
2025-06-13 15:31:52,172.0
2025-06-13 15:31:53,172.0
2025-06-13 15:31:54,171.5
2025-06-13 15:31:55,171.5
2025-06-13 15:31:56,172.0
2025-06-13 15:31:57,172.0
2025-06-13 15:31:58,172.0
2025-06-13 15:31:59,171.66666666666666
2025-06-13 15:32:00,171.66666666666666
2025-06-13 15:32:01,172.0
2025-06-13 15:32:02,172.0
2025-06-13 15:32:03,172.0
2025-06-13 15:32:04,171.5
2025-06-13 15:32:05,172.0
2025-06-13 15:32:06,172.0
2025-06-13 15:32:07,172.0
2025-06-13 15:32:08,172.0
2025-06-13 15:32:09,172.0
2025-06-13 15:32:10,172.0
2025-06-13 15:32:11,172.0
2025-06-13 15:32:12,172.0
2025-06-13 15:32:13,172.0
2025-06-13 15:32:14,172.0
2025-06-13 15:32:15,172.0
2025-06-13 15:32:16,172.0
2025-06-13 15:32:17,172.0
2025-06-13 15:32:18,172.0
2025-06-13 15:32:19,172.5
2025-06-13 15:32:20,172.5
2025-06-13 15:32:21,172.0
2025-06-13 15:32:22,172.0
2025-06-13 15:32:23,172.33333333333334
2025-06-13 15:32:24,173.0
2025-06-13 15:32:25,172.0
2025-06-13 15:32:26,172.0
2025-06-13 15:32:27,172.0
2025-06-13 15:32:28,172.0
2025-06-13 15:32:29,172.0
2025-06-13 15:32:30,172.0
2025-06-13 15:32:31,172.0
2025-06-13 15:32:32,171.75
2025-06-13 15:32:33,171.5
2025-06-13 15:32:34,171.5
2025-06-13 15:32:35,171.66666666666666
2025-06-13 15:32:36,171.0
2025-06-13 15:32:37,171.5
2025-06-13 15:32:38,172.66666666666666
2025-06-13 15:32:39,172.0
2025-06-13 15:32:40,172.0
2025-06-13 15:32:41,171.0
2025-06-13 15:32:42,171.0
2025-06-13 15:32:43,171.0
2025-06-13 15:32:44,171.0
2025-06-13 15:32:45,171.0
2025-06-13 15:32:46,171.0
2025-06-13 15:32:47,171.0
2025-06-13 15:32:48,171.5
2025-06-13 15:32:49,171.5
2025-06-13 15:32:50,171.5
2025-06-13 15:32:51,171.33333333333334
2025-06-13 15:32:52,171.0
2025-06-13 15:32:53,171.0
2025-06-13 15:32:54,171.0
2025-06-13 15:32:55,171.66666666666666
2025-06-13 15:32:56,171.5
2025-06-13 15:32:57,172.0
2025-06-13 15:32:58,171.75
2025-06-13 15:32:59,171.33333333333334
2025-06-13 15:33:00,171.5
2025-06-13 15:33:01,172.0
2025-06-13 15:33:02,171.0
2025-06-13 15:33:03,171.5
2025-06-13 15:33:04,171.66666666666666
2025-06-13 15:33:05,171.33333333333334
2025-06-13 15:33:06,172.0
2025-06-13 15:33:07,172.0
2025-06-13 15:33:08,172.0
2025-06-13 15:33:09,172.0
2025-06-13 15:33:10,172.0
2025-06-13 15:33:11,172.0
2025-06-13 15:33:12,172.0
2025-06-13 15:33:13,172.0
2025-06-13 15:33:14,172.0
2025-06-13 15:33:15,172.0
2025-06-13 15:33:16,172.0
2025-06-13 15:33:17,171.33333333333334
2025-06-13 15:33:18,171.5
2025-06-13 15:33:19,172.0
2025-06-13 15:33:20,171.66666666666666
2025-06-13 15:33:21,171.66666666666666
2025-06-13 15:33:22,171.5
2025-06-13 15:33:23,171.5
2025-06-13 15:33:24,171.66666666666666
2025-06-13 15:33:25,171.5
2025-06-13 15:33:26,171.5
2025-06-13 15:33:27,171.5
2025-06-13 15:33:28,172.0
2025-06-13 15:33:29,171.5
2025-06-13 15:33:30,172.0
2025-06-13 15:33:31,171.0
2025-06-13 15:33:32,171.5
2025-06-13 15:33:33,171.33333333333334
2025-06-13 15:33:34,171.66666666666666
2025-06-13 15:33:35,172.0
2025-06-13 15:33:36,172.0
2025-06-13 15:33:37,172.0
2025-06-13 15:33:38,171.5
2025-06-13 15:33:39,172.0
2025-06-13 15:33:40,172.0
2025-06-13 15:33:41,172.0
2025-06-13 15:33:42,172.0
2025-06-13 15:33:43,172.0
2025-06-13 15:33:44,172.33333333333334
2025-06-13 15:33:45,172.5
2025-06-13 15:33:46,172.0
2025-06-13 15:33:47,172.33333333333334
2025-06-13 15:33:48,173.0
2025-06-13 15:33:49,173.0
2025-06-13 15:33:50,173.0
2025-06-13 15:33:51,173.0
2025-06-13 15:33:52,173.0
2025-06-13 15:33:53,173.0
2025-06-13 15:33:54,173.0
2025-06-13 15:33:55,173.0
2025-06-13 15:33:56,173.66666666666666
2025-06-13 15:33:57,173.0
2025-06-13 15:33:58,173.5
2025-06-13 15:33:59,173.66666666666666
2025-06-13 15:34:00,173.33333333333334
2025-06-13 15:34:01,174.0
2025-06-13 15:34:02,173.5
2025-06-13 15:34:03,174.0
2025-06-13 15:34:04,174.0
2025-06-13 15:34:05,173.33333333333334
2025-06-13 15:34:06,174.0
2025-06-13 15:34:07,174.0
2025-06-13 15:34:08,173.5
2025-06-13 15:34:09,174.0
2025-06-13 15:34:10,173.33333333333334
2025-06-13 15:34:11,173.0
2025-06-13 15:34:12,173.33333333333334
2025-06-13 15:34:13,173.33333333333334
2025-06-13 15:34:14,174.0
2025-06-13 15:34:15,173.0
2025-06-13 15:34:16,173.25
2025-06-13 15:34:17,173.0
2025-06-13 15:34:18,173.5
2025-06-13 15:34:19,173.33333333333334
2025-06-13 15:34:20,173.0
2025-06-13 15:34:21,173.5
2025-06-13 15:34:22,173.25
2025-06-13 15:34:23,173.5
2025-06-13 15:34:24,173.5
2025-06-13 15:34:25,173.0
2025-06-13 15:34:26,173.0
2025-06-13 15:34:27,173.0
2025-06-13 15:34:28,173.5
2025-06-13 15:34:29,173.0
2025-06-13 15:34:30,173.5
2025-06-13 15:34:31,173.0
2025-06-13 15:34:32,173.25
2025-06-13 15:34:33,173.5
2025-06-13 15:34:34,173.0
2025-06-13 15:34:35,173.33333333333334
2025-06-13 15:34:36,173.5
2025-06-13 15:34:37,174.0
2025-06-13 15:34:38,174.0
2025-06-13 15:34:39,174.0
2025-06-13 15:34:40,174.0
2025-06-13 15:34:41,174.0
2025-06-13 15:34:42,174.33333333333334
2025-06-13 15:34:43,174.0
2025-06-13 15:34:44,174.0
2025-06-13 15:34:45,174.5
2025-06-13 15:34:46,174.5
2025-06-13 15:34:47,174.5
2025-06-13 15:34:48,175.0
2025-06-13 15:34:49,174.66666666666666
2025-06-13 15:34:50,175.0
2025-06-13 15:34:51,176.0
2025-06-13 15:34:52,176.0
2025-06-13 15:34:53,175.5
2025-06-13 15:34:54,175.5
2025-06-13 15:34:55,175.0
2025-06-13 15:34:56,175.0
2025-06-13 15:34:57,175.0
2025-06-13 15:34:58,175.0
2025-06-13 15:34:59,175.0
2025-06-13 15:35:00,174.0
2025-06-13 15:35:01,174.0
2025-06-13 15:35:02,174.5
2025-06-13 15:35:03,174.0
2025-06-13 15:35:04,174.66666666666666
2025-06-13 15:35:05,174.33333333333334
2025-06-13 15:35:06,174.0
2025-06-13 15:35:07,174.0
2025-06-13 15:35:08,174.0
2025-06-13 15:35:09,174.0
2025-06-13 15:35:10,174.5
2025-06-13 15:35:11,174.25
2025-06-13 15:35:12,175.0
2025-06-13 15:35:13,175.0
2025-06-13 15:35:14,175.0
2025-06-13 15:35:15,175.0
2025-06-13 15:35:16,175.5
2025-06-13 15:35:17,175.33333333333334
2025-06-13 15:35:18,175.0
2025-06-13 15:35:19,175.5
2025-06-13 15:35:20,175.0
2025-06-13 15:35:21,175.33333333333334
2025-06-13 15:35:22,175.5
2025-06-13 15:35:23,175.5
2025-06-13 15:35:24,175.66666666666666
2025-06-13 15:35:25,175.5
2025-06-13 15:35:26,176.0
2025-06-13 15:35:27,175.25
2025-06-13 15:35:28,175.5
2025-06-13 15:35:29,175.5
2025-06-13 15:35:30,175.5
2025-06-13 15:35:31,175.0
2025-06-13 15:35:32,175.0
2025-06-13 15:35:33,176.0
2025-06-13 15:35:34,175.33333333333334
2025-06-13 15:35:35,176.0
2025-06-13 15:35:36,175.5
2025-06-13 15:35:37,176.0
2025-06-13 15:35:38,176.0
2025-06-13 15:35:39,176.0
2025-06-13 15:35:40,175.33333333333334
2025-06-13 15:35:41,175.5
2025-06-13 15:35:42,175.0
2025-06-13 15:35:43,175.33333333333334
2025-06-13 15:35:44,175.33333333333334
2025-06-13 15:35:45,175.5
2025-06-13 15:35:46,175.33333333333334
2025-06-13 15:35:47,175.66666666666666
2025-06-13 15:35:48,176.0
2025-06-13 15:35:49,176.0
2025-06-13 15:35:50,176.0
2025-06-13 15:35:51,176.0
2025-06-13 15:35:52,176.0
2025-06-13 15:35:53,176.0
2025-06-13 15:35:54,176.0
2025-06-13 15:35:55,176.0
2025-06-13 15:35:56,176.33333333333334
2025-06-13 15:35:57,176.0
2025-06-13 15:35:58,176.5
2025-06-13 15:35:59,177.0
2025-06-13 15:36:00,177.0
2025-06-13 15:36:01,176.0
2025-06-13 15:36:02,176.66666666666666
2025-06-13 15:36:03,176.33333333333334
2025-06-13 15:36:04,176.5
2025-06-13 15:36:05,177.0
2025-06-13 15:36:06,176.66666666666666
2025-06-13 15:36:07,177.0
2025-06-13 15:36:08,177.0
2025-06-13 15:36:09,176.75
2025-06-13 15:36:10,176.33333333333334
2025-06-13 15:36:11,177.0
2025-06-13 15:36:12,176.5
2025-06-13 15:36:13,177.0
2025-06-13 15:36:14,177.0
2025-06-13 15:36:15,177.0
2025-06-13 15:36:16,177.0
2025-06-13 15:36:17,177.0
2025-06-13 15:36:18,177.0
2025-06-13 15:36:19,177.0
2025-06-13 15:36:20,177.0
2025-06-13 15:36:21,177.0
2025-06-13 15:36:22,177.0
2025-06-13 15:36:23,177.0
2025-06-13 15:36:24,177.0
2025-06-13 15:36:25,177.0
2025-06-13 15:36:26,177.0
2025-06-13 15:36:27,177.0
2025-06-13 15:36:28,177.0
2025-06-13 15:36:29,177.0
2025-06-13 15:36:30,177.0
2025-06-13 15:36:31,176.5
2025-06-13 15:36:32,176.75
2025-06-13 15:36:33,177.0
2025-06-13 15:36:34,177.0
2025-06-13 15:36:35,176.5
2025-06-13 15:36:36,177.0
2025-06-13 15:36:37,177.0
2025-06-13 15:36:38,176.66666666666666
2025-06-13 15:36:39,176.5
2025-06-13 15:36:40,176.5
2025-06-13 15:36:41,176.66666666666666
2025-06-13 15:36:42,176.0
2025-06-13 15:36:43,176.0
2025-06-13 15:36:44,176.0
2025-06-13 15:36:45,176.0
2025-06-13 15:36:46,176.0
2025-06-13 15:36:47,176.0
2025-06-13 15:36:48,176.0
2025-06-13 15:36:49,176.0
2025-06-13 15:36:50,176.0
2025-06-13 15:36:51,176.0
2025-06-13 15:36:52,176.0
2025-06-13 15:36:53,176.0
2025-06-13 15:36:54,176.5
2025-06-13 15:36:55,176.66666666666666
2025-06-13 15:36:56,177.0
2025-06-13 15:36:57,176.5
2025-06-13 15:36:58,176.25
2025-06-13 15:36:59,177.0
2025-06-13 15:37:00,177.0
2025-06-13 15:37:01,176.5
2025-06-13 15:37:02,176.5
2025-06-13 15:37:03,176.5
2025-06-13 15:37:04,177.0
2025-06-13 15:37:05,177.0
2025-06-13 15:37:06,177.0
2025-06-13 15:37:07,176.66666666666666
2025-06-13 15:37:08,177.0
2025-06-13 15:37:09,177.0
2025-06-13 15:37:10,176.5
2025-06-13 15:37:11,176.33333333333334
2025-06-13 15:37:12,177.0
2025-06-13 15:37:13,177.0
2025-06-13 15:37:14,176.75
2025-06-13 15:37:15,177.0
2025-06-13 15:37:16,177.0
2025-06-13 15:37:17,177.0
2025-06-13 15:37:18,176.5
2025-06-13 15:37:19,176.5
2025-06-13 15:37:20,177.0
2025-06-13 15:37:21,177.0
2025-06-13 15:37:22,176.5
2025-06-13 15:37:23,176.33333333333334
2025-06-13 15:37:24,176.0
2025-06-13 15:37:25,176.5
2025-06-13 15:37:26,176.0
2025-06-13 15:37:27,176.25
2025-06-13 15:37:28,176.0
2025-06-13 15:37:29,176.0
2025-06-13 15:37:30,176.0
2025-06-13 15:37:31,176.0
2025-06-13 15:37:32,176.0
2025-06-13 15:37:33,176.5
2025-06-13 15:37:34,176.0
2025-06-13 15:37:35,176.0
2025-06-13 15:37:36,176.0
2025-06-13 15:37:37,176.0
2025-06-13 15:37:38,176.0
2025-06-13 15:37:39,176.5
2025-06-13 15:37:40,176.5
2025-06-13 15:37:41,176.0
2025-06-13 15:37:42,176.0
2025-06-13 15:37:43,177.0
2025-06-13 15:37:44,176.0
2025-06-13 15:37:45,176.0
2025-06-13 15:37:46,176.0
2025-06-13 15:37:47,176.0
2025-06-13 15:37:48,176.5
2025-06-13 15:37:49,176.33333333333334
2025-06-13 15:37:50,176.5
2025-06-13 15:37:51,176.0
2025-06-13 15:37:52,176.33333333333334
2025-06-13 15:37:53,176.5
2025-06-13 15:37:54,176.5
2025-06-13 15:37:55,177.0
2025-06-13 15:37:56,177.0
2025-06-13 15:37:57,177.0
2025-06-13 15:37:58,177.0
2025-06-13 15:37:59,177.0
2025-06-13 15:38:00,177.0
2025-06-13 15:38:01,177.0
2025-06-13 15:38:02,177.5
2025-06-13 15:38:03,177.0
2025-06-13 15:38:04,177.0
2025-06-13 15:38:05,177.33333333333334
2025-06-13 15:38:06,177.33333333333334
2025-06-13 15:38:07,177.0
2025-06-13 15:38:08,177.0
2025-06-13 15:38:09,177.33333333333334
2025-06-13 15:38:10,177.5
2025-06-13 15:38:11,177.0
2025-06-13 15:38:12,177.25
2025-06-13 15:38:13,177.0
2025-06-13 15:38:14,177.0
2025-06-13 15:38:15,177.0
2025-06-13 15:38:16,177.0
2025-06-13 15:38:17,177.0
2025-06-13 15:38:18,177.0
2025-06-13 15:38:19,177.0
2025-06-13 15:38:20,176.33333333333334
2025-06-13 15:38:21,176.5
2025-06-13 15:38:22,176.66666666666666
2025-06-13 15:38:23,177.0
2025-06-13 15:38:24,176.5
2025-06-13 15:38:25,176.0
2025-06-13 15:38:26,177.0
2025-06-13 15:38:27,177.0
2025-06-13 15:38:28,176.75
2025-06-13 15:38:29,177.0
2025-06-13 15:38:30,176.5
2025-06-13 15:38:31,176.5
2025-06-13 15:38:32,177.0
2025-06-13 15:38:33,177.0
2025-06-13 15:38:34,177.0
2025-06-13 15:38:35,177.0
2025-06-13 15:38:36,177.0
2025-06-13 15:38:37,177.5
2025-06-13 15:38:38,177.0
2025-06-13 15:38:39,177.0
2025-06-13 15:38:40,177.0
2025-06-13 15:38:41,177.0
2025-06-13 15:38:42,177.0
2025-06-13 15:38:43,177.0
2025-06-13 15:38:44,176.66666666666666
2025-06-13 15:38:45,176.66666666666666
2025-06-13 15:38:46,176.5
2025-06-13 15:38:47,176.33333333333334
2025-06-13 15:38:48,176.0
2025-06-13 15:38:49,176.5
2025-06-13 15:38:50,176.5
2025-06-13 15:38:51,176.0
2025-06-13 15:38:52,176.0
2025-06-13 15:38:53,176.0
2025-06-13 15:38:54,176.0
2025-06-13 15:38:55,176.0
2025-06-13 15:38:56,176.0
2025-06-13 15:38:57,176.0
2025-06-13 15:38:58,176.5
2025-06-13 15:38:59,176.0
2025-06-13 15:39:00,176.33333333333334
2025-06-13 15:39:01,176.0
2025-06-13 15:39:02,176.0
2025-06-13 15:39:03,175.66666666666666
2025-06-13 15:39:04,175.66666666666666
2025-06-13 15:39:05,175.5
2025-06-13 15:39:06,175.0
2025-06-13 15:39:07,175.0
2025-06-13 15:39:08,175.0
2025-06-13 15:39:09,175.0
2025-06-13 15:39:10,174.75
2025-06-13 15:39:11,174.0
2025-06-13 15:39:12,174.0
2025-06-13 15:39:13,173.0
2025-06-13 15:39:14,173.0
2025-06-13 15:39:15,173.0
2025-06-13 15:39:16,172.0
2025-06-13 15:39:17,172.0
2025-06-13 15:39:18,171.5
2025-06-13 15:39:19,171.0
2025-06-13 15:39:20,170.0
2025-06-13 15:39:21,169.5
2025-06-13 15:39:22,169.5
2025-06-13 15:39:23,169.0
2025-06-13 15:39:24,168.0
2025-06-13 15:39:25,167.5
2025-06-13 15:39:26,167.0
2025-06-13 15:39:27,167.0
2025-06-13 15:39:28,166.0
2025-06-13 15:39:29,165.5
2025-06-13 15:39:30,164.33333333333334
2025-06-13 15:39:31,164.0
2025-06-13 15:39:32,163.0
2025-06-13 15:39:33,163.25
2025-06-13 15:39:34,162.0
2025-06-13 15:39:35,162.0
2025-06-13 15:39:36,161.5
2025-06-13 15:39:37,161.0
2025-06-13 15:39:38,160.0
2025-06-13 15:39:39,160.0
2025-06-13 15:39:40,160.0
2025-06-13 15:39:41,159.5
2025-06-13 15:39:42,158.33333333333334
2025-06-13 15:39:43,158.33333333333334
2025-06-13 15:39:44,158.0
2025-06-13 15:39:45,157.0
2025-06-13 15:39:46,156.66666666666666
2025-06-13 15:39:47,155.5
2025-06-13 15:39:48,154.0
2025-06-13 15:39:49,152.25
2025-06-13 15:39:50,151.33333333333334
2025-06-13 15:39:51,150.0
2025-06-13 15:39:52,150.25
2025-06-13 15:39:53,150.66666666666666
2025-06-13 15:39:54,150.0
2025-06-13 15:39:55,150.0
2025-06-13 15:39:56,150.66666666666666
2025-06-13 15:39:57,150.5
2025-06-13 15:39:58,150.5
2025-06-13 15:39:59,149.5
2025-06-13 15:40:00,149.0
2025-06-13 15:40:01,148.0
2025-06-13 15:40:02,148.0
2025-06-13 15:40:03,147.5
2025-06-13 15:40:04,146.5
2025-06-13 15:40:05,145.66666666666666
2025-06-13 15:40:06,145.33333333333334
2025-06-13 15:40:07,145.0
2025-06-13 15:40:08,145.0
2025-06-13 15:40:09,143.0
2025-06-13 15:40:10,140.5
2025-06-13 15:40:11,139.0
2025-06-13 15:40:12,138.33333333333334
2025-06-13 15:40:13,137.0
2025-06-13 15:40:14,137.0
2025-06-13 15:40:15,137.75
2025-06-13 15:40:16,138.0
2025-06-13 15:40:17,138.0
2025-06-13 15:40:18,138.0
2025-06-13 15:40:19,138.0
2025-06-13 15:40:20,138.0
2025-06-13 15:40:21,137.0
2025-06-13 15:40:22,137.0
2025-06-13 15:40:23,137.0
2025-06-13 15:40:24,137.0
2025-06-13 15:40:25,137.0
2025-06-13 15:40:26,137.66666666666666
2025-06-13 15:40:27,137.0
2025-06-13 15:40:28,136.75
2025-06-13 15:40:29,136.0
2025-06-13 15:40:30,135.0
2025-06-13 15:40:31,134.5
2025-06-13 15:40:32,133.66666666666666
2025-06-13 15:40:33,133.0
2025-06-13 15:40:34,133.0
2025-06-13 15:40:35,132.33333333333334
2025-06-13 15:40:36,132.0
2025-06-13 15:40:37,132.0
2025-06-13 15:40:38,132.0
2025-06-13 15:40:39,132.0
2025-06-13 15:40:40,131.0
2025-06-13 15:40:41,131.0
2025-06-13 15:40:42,131.0
2025-06-13 15:40:43,131.5
2025-06-13 15:40:44,132.0
2025-06-13 15:40:45,132.0
2025-06-13 15:40:47,133.5
2025-06-13 15:40:48,134.0
2025-06-13 15:40:49,135.0
2025-06-13 15:41:01,139.0
2025-06-13 15:41:04,138.0
2025-06-13 15:41:05,138.0
2025-06-13 15:41:06,138.5
2025-06-13 15:41:07,139.0
2025-06-13 15:41:09,140.0
2025-06-13 15:41:11,139.0
2025-06-13 15:41:12,139.0
2025-06-13 15:41:13,139.0
2025-06-13 15:41:14,139.0
2025-06-13 15:41:15,139.0
2025-06-13 15:41:16,139.0
2025-06-13 15:41:17,138.0
2025-06-13 15:41:20,137.0
2025-06-13 15:41:28,135.0
2025-06-13 15:41:29,136.0
2025-06-13 15:41:31,135.5
2025-06-13 15:41:32,134.5
2025-06-13 15:41:33,133.0
2025-06-13 15:41:34,133.0
2025-06-13 15:41:37,132.0
2025-06-13 15:41:39,132.0
2025-06-13 15:41:40,132.0
2025-06-13 15:41:41,131.5
2025-06-13 15:41:42,131.0
2025-06-13 15:41:43,131.0
2025-06-13 15:41:44,131.0
2025-06-13 15:41:45,131.0
2025-06-13 15:41:46,131.0
2025-06-13 15:41:47,131.0
2025-06-13 15:41:48,132.0
2025-06-13 15:41:49,133.0
2025-06-13 15:41:50,132.0
2025-06-13 15:41:51,133.0
2025-06-13 15:41:52,132.0
2025-06-13 15:41:53,133.0
2025-06-13 15:41:54,133.0
2025-06-13 15:41:55,133.0
2025-06-13 15:41:59,136.0
2025-06-13 15:42:00,137.0
2025-06-13 15:42:01,137.0
2025-06-13 15:42:02,138.0
2025-06-13 15:42:04,137.5
2025-06-13 15:42:07,137.0
2025-06-13 15:42:10,137.0
2025-06-13 15:42:11,137.0
2025-06-13 15:42:12,137.0
2025-06-13 15:42:15,137.0
2025-06-13 15:42:16,137.0
2025-06-13 15:42:17,135.0
2025-06-13 15:42:18,134.66666666666666
2025-06-13 15:42:19,134.0
2025-06-13 15:42:20,134.0
2025-06-13 15:42:21,134.0
2025-06-13 15:42:22,133.0
2025-06-13 15:42:23,133.0
2025-06-13 15:42:24,133.0
2025-06-13 15:42:25,133.0
2025-06-13 15:42:26,131.0
2025-06-13 15:43:20,126.0
2025-06-13 15:43:22,125.0
2025-06-13 15:43:23,125.0
2025-06-13 15:43:25,126.0
2025-06-13 15:43:28,125.0
2025-06-13 15:43:29,125.0
2025-06-13 15:43:31,124.0
2025-06-13 15:43:50,126.0
2025-06-13 15:43:53,124.0
2025-06-13 15:43:54,124.0
2025-06-13 15:43:57,123.0
2025-06-13 15:43:58,123.0
2025-06-13 15:43:59,122.0
2025-06-13 15:44:02,122.0
2025-06-13 15:44:03,121.0
2025-06-13 15:44:04,121.0
2025-06-13 15:44:25,119.0
2025-06-13 15:44:26,117.0
2025-06-13 15:44:30,115.0
2025-06-13 15:44:31,116.0
2025-06-13 15:44:32,117.0
2025-06-13 15:44:45,113.0
2025-06-13 15:44:54,116.0
2025-06-13 15:44:55,117.0
2025-06-13 15:44:56,117.0
2025-06-13 15:44:57,117.66666666666667
2025-06-13 15:44:58,118.0
2025-06-13 15:44:59,117.5
2025-06-13 15:45:00,116.75
2025-06-13 15:45:01,116.5
2025-06-13 15:45:02,117.0
2025-06-13 15:45:03,117.0
2025-06-13 15:45:04,117.0
2025-06-13 15:45:05,117.0
2025-06-13 15:45:06,116.75
2025-06-13 15:45:07,116.0
2025-06-13 15:45:08,116.0
2025-06-13 15:45:09,116.0
2025-06-13 15:45:10,116.66666666666667
2025-06-13 15:45:11,117.0
2025-06-13 15:45:12,117.5
2025-06-13 15:45:13,118.0
2025-06-13 15:45:14,119.0
2025-06-13 15:45:15,119.0
2025-06-13 15:45:16,118.5
2025-06-13 15:45:17,119.0
2025-06-13 15:45:18,119.0
2025-06-13 15:45:19,119.66666666666667
2025-06-13 15:45:20,120.0
2025-06-13 15:45:21,120.0
2025-06-13 15:45:22,119.25
2025-06-13 15:45:23,119.0
2025-06-13 15:45:24,119.0
2025-06-13 15:45:25,118.5
2025-06-13 15:45:26,118.0
2025-06-13 15:45:27,118.0
2025-06-13 15:45:28,118.0
2025-06-13 15:45:29,118.0
2025-06-13 15:45:30,118.0
2025-06-13 15:45:31,118.0
2025-06-13 15:45:32,118.0
2025-06-13 15:45:33,117.66666666666667
2025-06-13 15:45:34,117.0
2025-06-13 15:45:35,117.0
2025-06-13 15:45:36,117.0
2025-06-13 15:45:37,118.0
2025-06-13 15:45:38,118.0
2025-06-13 15:45:39,118.0
2025-06-13 15:45:40,118.0
2025-06-13 15:45:41,119.0
2025-06-13 15:45:42,119.0
2025-06-13 15:45:43,119.0
2025-06-13 15:45:44,119.0
2025-06-13 15:45:45,119.0
2025-06-13 15:45:46,119.0
2025-06-13 15:45:47,120.0
2025-06-13 15:45:48,120.0
2025-06-13 15:45:49,120.0
2025-06-13 15:45:50,120.5
2025-06-13 15:45:51,121.0
2025-06-13 15:45:52,120.0
2025-06-13 15:45:53,120.0
2025-06-13 15:45:54,120.0
2025-06-13 15:45:55,120.0
2025-06-13 15:45:56,120.0
2025-06-13 15:45:57,119.0
2025-06-13 15:45:58,119.0
2025-06-13 15:45:59,119.0
2025-06-13 15:46:00,118.0
2025-06-13 15:46:01,117.5
2025-06-13 15:46:02,117.0
2025-06-13 15:46:03,117.0
2025-06-13 15:46:04,117.0
2025-06-13 15:46:05,118.0
2025-06-13 15:46:06,118.75
2025-06-13 15:46:07,119.33333333333333
2025-06-13 15:46:08,120.0
2025-06-13 15:46:09,120.0
2025-06-13 15:46:10,120.0
2025-06-13 15:46:11,120.0
2025-06-13 15:46:12,120.0
2025-06-13 15:46:13,120.0
2025-06-13 15:46:14,120.0
2025-06-13 15:46:15,120.0
2025-06-13 15:46:16,121.0
2025-06-13 15:46:17,121.0
2025-06-13 15:46:18,121.5
2025-06-13 15:46:19,122.0
2025-06-13 15:46:20,122.0
2025-06-13 15:46:21,122.0
2025-06-13 15:46:22,123.0
2025-06-13 15:46:23,123.0
2025-06-13 15:46:24,124.0
2025-06-13 15:46:25,124.0
2025-06-13 15:46:26,124.0
2025-06-13 15:46:27,124.0
2025-06-13 15:46:28,124.66666666666667
2025-06-13 15:46:29,125.0
2025-06-13 15:46:30,126.0
2025-06-13 15:46:31,127.0
2025-06-13 15:46:32,127.5
2025-06-13 15:46:33,128.66666666666666
2025-06-13 15:46:34,129.66666666666666
2025-06-13 15:46:35,131.0
2025-06-13 15:46:36,132.5
2025-06-13 15:46:37,133.66666666666666
2025-06-13 15:46:38,135.0
2025-06-13 15:46:39,136.5
2025-06-13 15:46:40,138.0
2025-06-13 15:46:41,139.5
2025-06-13 15:46:42,140.5
2025-06-13 15:46:43,142.0
2025-06-13 15:46:44,143.0
2025-06-13 15:46:45,144.0
2025-06-13 15:46:46,145.25
2025-06-13 15:46:47,146.0
2025-06-13 15:46:48,147.0
2025-06-13 15:46:49,147.5
2025-06-13 15:46:50,147.5
2025-06-13 15:46:51,148.5
2025-06-13 15:46:52,149.0
2025-06-13 15:46:53,149.5
2025-06-13 15:46:54,150.0
2025-06-13 15:46:55,150.0
2025-06-13 15:46:56,150.5
2025-06-13 15:46:57,151.0
2025-06-13 15:46:58,151.33333333333334
2025-06-13 15:46:59,152.0
2025-06-13 15:47:00,152.0
2025-06-13 15:47:01,152.33333333333334
2025-06-13 15:47:02,153.0
2025-06-13 15:47:03,153.5
2025-06-13 15:47:04,154.0
2025-06-13 15:47:05,154.0
2025-06-13 15:47:06,154.5
2025-06-13 15:47:07,155.0
2025-06-13 15:47:08,155.0
2025-06-13 15:47:09,156.0
2025-06-13 15:47:10,156.0
2025-06-13 15:47:11,156.0
2025-06-13 15:47:12,157.0
2025-06-13 15:47:13,157.0
2025-06-13 15:47:14,157.0
2025-06-13 15:47:15,157.0
2025-06-13 15:47:16,157.5
2025-06-13 15:47:17,158.0
2025-06-13 15:47:18,158.0
2025-06-13 15:47:19,158.5
2025-06-13 15:47:20,159.0
2025-06-13 15:47:21,159.0
2025-06-13 15:47:22,159.0
2025-06-13 15:47:23,159.0
2025-06-13 15:47:24,159.0
2025-06-13 15:47:25,159.0
2025-06-13 15:47:26,159.0
2025-06-13 15:47:27,159.0
2025-06-13 15:47:28,159.0
2025-06-13 15:47:29,159.0
2025-06-13 15:47:30,159.0
2025-06-13 15:47:31,160.0
2025-06-13 15:47:32,160.0
2025-06-13 15:47:33,160.0
2025-06-13 15:47:34,160.33333333333334
2025-06-13 15:47:35,161.0
2025-06-13 15:47:36,161.0
2025-06-13 15:47:37,161.5
2025-06-13 15:47:38,162.0
2025-06-13 15:47:39,162.0
2025-06-13 15:47:40,162.0
2025-06-13 15:47:41,162.5
2025-06-13 15:47:42,163.0
2025-06-13 15:47:43,163.0
2025-06-13 15:47:44,163.0
2025-06-13 15:47:45,164.0
2025-06-13 15:47:46,164.0
2025-06-13 15:47:47,164.0
2025-06-13 15:47:48,164.33333333333334
2025-06-13 15:47:49,165.0
2025-06-13 15:47:50,165.0
2025-06-13 15:47:51,165.0
2025-06-13 15:47:52,165.0
2025-06-13 15:47:53,165.0
2025-06-13 15:47:54,165.0
2025-06-13 15:47:55,165.0
2025-06-13 15:47:56,165.0
2025-06-13 15:47:57,165.5
2025-06-13 15:47:58,165.33333333333334
2025-06-13 15:47:59,166.0
2025-06-13 15:48:00,166.0
2025-06-13 15:48:01,166.0
2025-06-13 15:48:02,166.0
2025-06-13 15:48:03,166.0
2025-06-13 15:48:04,166.0
2025-06-13 15:48:05,166.5
2025-06-13 15:48:06,166.5
2025-06-13 15:48:07,167.0
2025-06-13 15:48:08,167.0
2025-06-13 15:48:09,167.0
2025-06-13 15:48:10,167.0
2025-06-13 15:48:11,167.0
2025-06-13 15:48:12,167.0
2025-06-13 15:48:13,167.0
2025-06-13 15:48:14,167.33333333333334
2025-06-13 15:48:15,167.5
2025-06-13 15:48:16,168.0
2025-06-13 15:48:17,168.0
2025-06-13 15:48:18,168.0
2025-06-13 15:48:19,168.0
2025-06-13 15:48:20,168.25
2025-06-13 15:48:21,168.0
2025-06-13 15:48:22,168.0
2025-06-13 15:48:23,168.0
2025-06-13 15:48:24,168.33333333333334
2025-06-13 15:48:25,168.5
2025-06-13 15:48:26,168.33333333333334
2025-06-13 15:48:27,168.5
2025-06-13 15:48:28,169.0
2025-06-13 15:48:29,169.0
2025-06-13 15:48:30,169.0
2025-06-13 15:48:31,169.0
2025-06-13 15:48:32,169.5
2025-06-13 15:48:33,169.33333333333334
2025-06-13 15:48:34,169.5
2025-06-13 15:48:35,170.0
2025-06-13 15:48:36,170.0
2025-06-13 15:48:37,170.0
2025-06-13 15:48:38,170.0
2025-06-13 15:48:39,170.5
2025-06-13 15:48:40,170.0
2025-06-13 15:48:41,170.0
2025-06-13 15:48:42,170.0
2025-06-13 15:48:43,170.0
2025-06-13 15:48:44,170.0
2025-06-13 15:48:45,170.0
2025-06-13 15:48:46,170.0
2025-06-13 15:48:47,170.0
2025-06-13 15:48:48,170.0
2025-06-13 15:48:49,170.0
2025-06-13 15:48:50,170.0
2025-06-13 15:48:51,170.0
2025-06-13 15:48:52,170.0
2025-06-13 15:48:53,170.33333333333334
2025-06-13 15:48:54,170.0
2025-06-13 15:48:55,170.0
2025-06-13 15:48:56,170.66666666666666
2025-06-13 15:48:57,170.0
2025-06-13 15:48:58,170.0
2025-06-13 15:48:59,170.0
2025-06-13 15:49:00,170.0
2025-06-13 15:49:01,170.0
2025-06-13 15:49:02,170.0
2025-06-13 15:49:03,170.0
2025-06-13 15:49:04,170.0
2025-06-13 15:49:05,170.0
2025-06-13 15:49:06,170.0
2025-06-13 15:49:07,170.5
2025-06-13 15:49:08,170.5
2025-06-13 15:49:09,170.25
2025-06-13 15:49:10,170.5
2025-06-13 15:49:11,170.5
2025-06-13 15:49:12,170.66666666666666
2025-06-13 15:49:13,170.0
2025-06-13 15:49:14,171.0
2025-06-13 15:49:15,171.0
2025-06-13 15:49:16,171.0
2025-06-13 15:49:17,171.0
2025-06-13 15:49:18,171.0
2025-06-13 15:49:19,171.33333333333334
2025-06-13 15:49:20,171.0
2025-06-13 15:49:21,171.5
2025-06-13 15:49:22,171.66666666666666
2025-06-13 15:49:23,171.5
2025-06-13 15:49:24,171.5
2025-06-13 15:49:25,171.5
2025-06-13 15:49:26,171.5
2025-06-13 15:49:27,172.0
2025-06-13 15:49:28,172.0
2025-06-13 15:49:29,172.0
2025-06-13 15:49:30,172.0
2025-06-13 15:49:31,172.0
2025-06-13 15:49:32,172.0
2025-06-13 15:49:33,171.5
2025-06-13 15:49:34,171.66666666666666
2025-06-13 15:49:35,171.0
2025-06-13 15:49:36,172.0
2025-06-13 15:49:37,171.5
2025-06-13 15:49:38,172.0
2025-06-13 15:49:39,171.5
2025-06-13 15:49:40,172.0
2025-06-13 15:49:41,172.0
2025-06-13 15:49:42,172.0
2025-06-13 15:49:43,172.0
2025-06-13 15:49:44,172.0
2025-06-13 15:49:45,172.33333333333334
2025-06-13 15:49:46,172.0
2025-06-13 15:49:47,172.0
2025-06-13 15:49:48,172.0
2025-06-13 15:49:49,172.0
2025-06-13 15:49:50,172.5
2025-06-13 15:49:51,172.0
2025-06-13 15:49:52,172.0
2025-06-13 15:49:53,172.0
2025-06-13 15:49:54,172.0
2025-06-13 15:49:55,172.5
2025-06-13 15:49:56,172.0
2025-06-13 15:49:57,172.33333333333334
2025-06-13 15:49:58,172.33333333333334
2025-06-13 15:49:59,172.0
2025-06-13 15:50:00,171.5
2025-06-13 15:50:01,172.0
2025-06-13 15:50:02,171.5
2025-06-13 15:50:03,171.33333333333334
2025-06-13 15:50:04,171.0
2025-06-13 15:50:05,171.5
2025-06-13 15:50:06,171.5
2025-06-13 15:50:07,171.75
2025-06-13 15:50:08,171.5
2025-06-13 15:50:09,171.5
2025-06-13 15:50:10,171.33333333333334
2025-06-13 15:50:11,171.0
2025-06-13 15:50:12,171.0
2025-06-13 15:50:13,171.66666666666666
2025-06-13 15:50:14,171.25
2025-06-13 15:50:15,171.5
2025-06-13 15:50:16,172.0
2025-06-13 15:50:17,171.66666666666666
2025-06-13 15:50:18,172.0
2025-06-13 15:50:19,172.0
2025-06-13 15:50:20,172.0
2025-06-13 15:50:21,172.0
2025-06-13 15:50:22,173.0
2025-06-13 15:50:23,172.0
2025-06-13 15:50:24,172.0
2025-06-13 15:50:25,172.0
2025-06-13 15:50:26,172.5
2025-06-13 15:50:27,172.0
2025-06-13 15:50:28,172.5
2025-06-13 15:50:29,173.0
2025-06-13 15:50:30,172.75
2025-06-13 15:50:31,172.5
2025-06-13 15:50:32,173.0
2025-06-13 15:50:33,173.0
2025-06-13 15:50:34,172.66666666666666
2025-06-13 15:50:35,172.0
2025-06-13 15:50:36,172.0
2025-06-13 15:50:37,173.0
2025-06-13 15:50:38,172.0
2025-06-13 15:50:39,172.33333333333334
2025-06-13 15:50:40,173.0
2025-06-13 15:50:41,172.5
2025-06-13 15:50:42,173.0
2025-06-13 15:50:43,172.33333333333334
2025-06-13 15:50:44,172.0
2025-06-13 15:50:45,172.0
2025-06-13 15:50:46,172.75
2025-06-13 15:50:47,172.0
2025-06-13 15:50:48,172.5
2025-06-13 15:50:49,173.0
2025-06-13 15:50:50,173.0
2025-06-13 15:50:51,173.0
2025-06-13 15:50:52,173.0
2025-06-13 15:50:53,173.0
2025-06-13 15:50:54,173.0
2025-06-13 15:50:55,173.0
2025-06-13 15:50:56,173.0
2025-06-13 15:50:57,173.5
2025-06-13 15:50:58,174.0
2025-06-13 15:50:59,174.0
2025-06-13 15:51:00,174.0
2025-06-13 15:51:01,174.0
2025-06-13 15:51:02,174.33333333333334
2025-06-13 15:51:03,174.0
2025-06-13 15:51:04,174.0
2025-06-13 15:51:05,174.0
2025-06-13 15:51:06,174.0
2025-06-13 15:51:07,174.0
2025-06-13 15:51:08,174.5
2025-06-13 15:51:09,174.5
2025-06-13 15:51:10,174.0
2025-06-13 15:51:11,175.0
2025-06-13 15:51:12,174.25
2025-06-13 15:51:13,175.0
2025-06-13 15:51:14,175.0
2025-06-13 15:51:15,175.0
2025-06-13 15:51:16,174.5
2025-06-13 15:51:17,175.0
2025-06-13 15:51:18,174.33333333333334
2025-06-13 15:51:19,174.0
2025-06-13 15:51:20,174.5
2025-06-13 15:51:21,174.0
2025-06-13 15:51:22,174.0
2025-06-13 15:51:23,174.0
2025-06-13 15:51:24,174.0
2025-06-13 15:51:25,174.0
2025-06-13 15:51:26,174.0
2025-06-13 15:51:27,174.0
2025-06-13 15:51:28,174.0
2025-06-13 15:51:29,174.0
2025-06-13 15:51:30,174.0
2025-06-13 15:51:31,174.0
2025-06-13 15:51:32,174.0
2025-06-13 15:51:33,174.0
2025-06-13 15:51:34,174.0
2025-06-13 15:51:35,174.0
2025-06-13 15:51:36,174.0
2025-06-13 15:51:37,174.0
2025-06-13 15:51:38,174.66666666666666
2025-06-13 15:51:39,175.0
2025-06-13 15:51:40,174.0
2025-06-13 15:51:41,175.0
2025-06-13 15:51:42,174.33333333333334
2025-06-13 15:51:43,175.0
2025-06-13 15:51:44,174.33333333333334
2025-06-13 15:51:45,174.66666666666666
2025-06-13 15:51:46,174.5
2025-06-13 15:51:47,174.5
2025-06-13 15:51:48,174.66666666666666
2025-06-13 15:51:49,174.0
2025-06-13 15:51:50,174.5
2025-06-13 15:51:51,174.5
2025-06-13 15:51:52,174.5
2025-06-13 15:51:53,174.0
2025-06-13 15:51:54,174.33333333333334
2025-06-13 15:51:55,174.5
2025-06-13 15:51:56,174.5
2025-06-13 15:51:57,174.33333333333334
2025-06-13 15:51:58,175.0
2025-06-13 15:51:59,175.0
2025-06-13 15:52:00,174.66666666666666
2025-06-13 15:52:01,174.66666666666666
2025-06-13 15:52:02,174.0
2025-06-13 15:52:03,175.0
2025-06-13 15:52:04,175.0
2025-06-13 15:52:05,175.0
2025-06-13 15:52:06,175.0
2025-06-13 15:52:07,175.0
2025-06-13 15:52:08,175.0
2025-06-13 15:52:09,175.0
2025-06-13 15:52:10,175.0
2025-06-13 15:52:11,174.33333333333334
2025-06-13 15:52:12,175.0
2025-06-13 15:52:13,175.0
2025-06-13 15:52:14,175.0
2025-06-13 15:52:15,175.0
2025-06-13 15:52:16,175.0
2025-06-13 15:52:17,175.25
2025-06-13 15:52:18,175.0
2025-06-13 15:52:19,175.0
2025-06-13 15:52:20,175.33333333333334
2025-06-13 15:52:21,175.0
2025-06-13 15:52:22,175.0
2025-06-13 15:52:23,175.0
2025-06-13 15:52:24,175.0
2025-06-13 15:52:25,175.0
2025-06-13 15:52:26,175.0
2025-06-13 15:52:27,175.0
2025-06-13 15:52:28,175.0
2025-06-13 15:52:29,175.0
2025-06-13 15:52:30,175.25
2025-06-13 15:52:31,175.0
2025-06-13 15:52:32,175.5
2025-06-13 15:52:33,175.5
2025-06-13 15:52:34,175.5
2025-06-13 15:52:35,175.0
2025-06-13 15:52:36,175.66666666666666
2025-06-13 15:52:37,176.0
2025-06-13 15:52:38,175.5
2025-06-13 15:52:39,175.0
2025-06-13 15:52:40,175.0
2025-06-13 15:52:41,175.0
2025-06-13 15:52:42,175.0
2025-06-13 15:52:43,175.0
2025-06-13 15:52:44,175.0
2025-06-13 15:52:45,175.0
2025-06-13 15:52:46,174.5
2025-06-13 15:52:47,175.0
2025-06-13 15:52:48,175.0
2025-06-13 15:52:49,175.0
2025-06-13 15:52:50,175.0
2025-06-13 15:52:51,175.0
2025-06-13 15:52:52,175.0
2025-06-13 15:52:53,175.0
2025-06-13 15:52:54,175.0
2025-06-13 15:52:55,175.0
2025-06-13 15:52:56,175.0
2025-06-13 15:52:57,175.0
2025-06-13 15:52:58,175.0
2025-06-13 15:52:59,175.0
2025-06-13 15:53:00,175.0
2025-06-13 15:53:01,175.0
2025-06-13 15:53:02,175.0
2025-06-13 15:53:03,175.0
2025-06-13 15:53:04,176.5
2025-06-13 15:53:05,176.0
2025-06-13 15:53:06,176.0
2025-06-13 15:53:07,176.5
2025-06-13 15:53:08,176.0
2025-06-13 15:53:09,176.0
2025-06-13 15:53:10,176.0
2025-06-13 15:53:11,176.0
2025-06-13 15:53:12,176.0
2025-06-13 15:53:13,176.0
2025-06-13 15:53:14,176.0
2025-06-13 15:53:15,176.0
2025-06-13 15:53:16,176.0
2025-06-13 15:53:17,176.0
2025-06-13 15:53:18,176.0
2025-06-13 15:53:19,176.0
2025-06-13 15:53:20,176.5
2025-06-13 15:53:21,176.0
2025-06-13 15:53:22,176.0
2025-06-13 15:53:23,176.0
2025-06-13 15:53:24,176.0
2025-06-13 15:53:25,176.0
2025-06-13 15:53:26,176.0
2025-06-13 15:53:27,176.0
2025-06-13 15:53:28,176.0
2025-06-13 15:53:29,176.0
2025-06-13 15:53:30,176.0
2025-06-13 15:53:31,176.0
2025-06-13 15:53:32,176.0
2025-06-13 15:53:33,175.5
2025-06-13 15:53:34,175.5
2025-06-13 15:53:35,175.0
2025-06-13 15:53:36,175.0
2025-06-13 15:53:37,175.0
2025-06-13 15:53:38,175.5
2025-06-13 15:53:39,176.0
2025-06-13 15:53:40,176.0
2025-06-13 15:53:41,176.0
2025-06-13 15:53:42,176.0
2025-06-13 15:53:43,176.0
2025-06-13 15:53:44,176.0
2025-06-13 15:53:45,176.0
2025-06-13 15:53:46,176.0
2025-06-13 15:53:47,175.5
2025-06-13 15:53:48,176.0
2025-06-13 15:53:49,176.0
2025-06-13 15:53:50,176.0
2025-06-13 15:53:51,177.0
2025-06-13 15:53:52,176.5
2025-06-13 15:53:53,177.0
2025-06-13 15:53:54,176.75
2025-06-13 15:53:55,176.5
2025-06-13 15:53:56,176.5
2025-06-13 15:53:57,176.33333333333334
2025-06-13 15:53:58,176.5
2025-06-13 15:53:59,177.0
2025-06-13 15:54:00,177.0
2025-06-13 15:54:01,177.25
2025-06-13 15:54:02,177.0
2025-06-13 15:54:03,177.0
2025-06-13 15:54:04,177.0
2025-06-13 15:54:05,177.0
2025-06-13 15:54:06,177.0
2025-06-13 15:54:07,177.5
2025-06-13 15:54:08,177.5
2025-06-13 15:54:09,178.0
2025-06-13 15:54:10,177.5
2025-06-13 15:54:11,178.0
2025-06-13 15:54:12,177.66666666666666
2025-06-13 15:54:13,178.0
2025-06-13 15:54:14,177.0
2025-06-13 15:54:15,177.66666666666666
2025-06-13 15:54:16,177.5
2025-06-13 15:54:17,177.5
2025-06-13 15:54:18,178.0
2025-06-13 15:54:19,177.75
2025-06-13 15:54:20,177.5
2025-06-13 15:54:21,178.0
2025-06-13 15:54:22,178.0
2025-06-13 15:54:23,178.0
2025-06-13 15:54:24,178.0
2025-06-13 15:54:25,178.0
2025-06-13 15:54:26,178.0
2025-06-13 15:54:27,178.0
2025-06-13 15:54:28,178.0
2025-06-13 15:54:29,178.75
2025-06-13 15:54:30,178.5
2025-06-13 15:54:31,178.5
2025-06-13 15:54:32,178.33333333333334
2025-06-13 15:54:33,178.33333333333334
2025-06-13 15:54:34,178.5
2025-06-13 15:54:35,178.0
2025-06-13 15:54:36,179.0
2025-06-13 15:54:37,179.0
2025-06-13 15:54:38,179.0
2025-06-13 15:54:39,178.66666666666666
2025-06-13 15:54:40,178.0
2025-06-13 15:54:41,179.0
2025-06-13 15:54:42,179.0
2025-06-13 15:54:43,179.0
2025-06-13 15:54:44,179.0
2025-06-13 15:54:45,179.0
2025-06-13 15:54:46,179.0
2025-06-13 15:54:47,179.0
2025-06-13 15:54:48,179.0
2025-06-13 15:54:49,179.0
2025-06-13 15:54:50,179.0
2025-06-13 15:54:51,179.0
2025-06-13 15:54:52,179.0
2025-06-13 15:54:53,179.0
2025-06-13 15:54:54,179.5
2025-06-13 15:54:55,179.0
2025-06-13 15:54:56,179.5
2025-06-13 15:54:57,179.5
2025-06-13 15:54:58,179.0
2025-06-13 15:54:59,179.0
2025-06-13 15:55:00,178.5
2025-06-13 15:55:01,178.33333333333334
2025-06-13 15:55:02,178.0
2025-06-13 15:55:03,177.0
2025-06-13 15:55:04,176.5
2025-06-13 15:55:05,176.0
2025-06-13 15:55:06,175.5
2025-06-13 15:55:07,175.0
2025-06-13 15:55:08,174.75
2025-06-13 15:55:09,174.0
2025-06-13 15:55:10,173.0
2025-06-13 15:55:11,173.0
2025-06-13 15:55:12,172.33333333333334
2025-06-13 15:55:13,172.0
2025-06-13 15:55:14,171.0
2025-06-13 15:55:15,171.0
2025-06-13 15:55:16,170.5
2025-06-13 15:55:17,169.5
2025-06-13 15:55:18,168.25
2025-06-13 15:55:19,166.5
2025-06-13 15:55:20,166.5
2025-06-13 15:55:21,165.0
2025-06-13 15:55:22,164.0
2025-06-13 15:55:23,163.5
2025-06-13 15:55:24,163.0
2025-06-13 15:55:25,162.66666666666666
2025-06-13 15:55:26,161.5
2025-06-13 15:55:27,161.0
2025-06-13 15:55:28,160.33333333333334
2025-06-13 15:55:29,160.0
2025-06-13 15:55:30,159.5
2025-06-13 15:55:31,159.0
2025-06-13 15:55:32,159.0
2025-06-13 15:55:33,159.0
2025-06-13 15:55:34,158.75
2025-06-13 15:55:35,157.0
2025-06-13 15:55:36,155.0
2025-06-13 15:55:37,153.33333333333334
2025-06-13 15:55:38,152.0
2025-06-13 15:55:39,150.5
2025-06-13 15:55:40,148.66666666666666
2025-06-13 15:55:41,147.66666666666666
2025-06-13 15:55:42,147.0
2025-06-13 15:55:43,146.0
2025-06-13 15:55:44,145.66666666666666
2025-06-13 15:55:45,145.0
2025-06-13 15:55:46,144.0
2025-06-13 15:55:47,143.5
2025-06-13 15:55:48,143.0
2025-06-13 15:55:49,143.0
2025-06-13 15:55:50,142.25
2025-06-13 15:55:51,142.0
2025-06-13 15:55:52,142.0
2025-06-13 15:55:53,141.5
2025-06-13 15:55:54,141.33333333333334
2025-06-13 15:55:55,141.0
2025-06-13 15:55:56,140.5
2025-06-13 15:55:57,140.0
2025-06-13 15:55:58,139.0
2025-06-13 15:55:59,139.0
2025-06-13 15:56:00,139.0
2025-06-13 15:56:03,138.0
2025-06-13 15:57:03,124.0
2025-06-13 15:57:05,125.5
2025-06-13 15:57:08,126.0
2025-06-13 15:57:10,124.0
2025-06-13 15:58:07,121.0
2025-06-13 15:58:08,121.0
2025-06-13 15:58:09,120.66666666666667
2025-06-13 15:58:10,120.0
2025-06-13 15:58:17,120.0
2025-06-13 15:58:18,119.0
2025-06-13 15:58:19,119.0
2025-06-13 15:58:22,118.0
2025-06-13 15:58:23,118.0
2025-06-13 15:58:33,117.0
2025-06-13 15:58:34,117.0
2025-06-13 15:58:35,118.0
2025-06-13 15:58:36,118.0
2025-06-13 15:58:37,117.5
2025-06-13 15:58:38,117.0
2025-06-13 15:58:39,117.0
2025-06-13 15:58:40,116.0
2025-06-13 15:58:41,116.0
2025-06-13 15:58:42,115.5
2025-06-13 15:58:43,115.0
2025-06-13 15:58:44,115.0
2025-06-13 15:58:45,115.5
2025-06-13 15:58:46,116.0
2025-06-13 15:58:47,116.0
2025-06-13 15:58:48,116.0
2025-06-13 15:58:49,116.0
2025-06-13 15:58:50,116.0
2025-06-13 15:58:52,117.5
2025-06-13 15:58:53,117.0
2025-06-13 15:58:54,117.0
2025-06-13 15:58:55,116.5
2025-06-13 15:58:56,116.0
2025-06-13 15:58:57,116.0
2025-06-13 15:58:58,116.0
2025-06-13 15:58:59,116.0
2025-06-13 15:59:00,115.0
2025-06-13 15:59:48,121.0
2025-06-13 16:01:22,117.0
