timestamp,power,instant_power,cadence
2024-09-10T02:01:04.531149,0.0,0.0,0.0
2024-09-10T02:01:07.995019,0.0,0.0,0.0
2024-09-10T02:01:09.769626,0.0,0.0,0.0
2024-09-10T02:01:10.268464,0.0,0.0,0.0
2024-09-10T02:01:11.773313,0.0,0.0,0.0
2024-09-10T02:01:12.016729,0.0,0.0,0.0
2024-09-10T02:01:12.764816,0.0,0.0,0.0
2024-09-10T02:01:13.015343,0.0,0.0,0.0
2024-09-10T02:01:14.264077,0.0,0.0,0.0
2024-09-10T02:01:14.764547,0.0,0.0,0.0
2024-09-10T02:01:15.012281,0.0,0.0,0.0
2024-09-10T02:01:18.757927,0.0,0.0,0.0
2024-09-10T02:01:21.504723,0.0,0.0,0.0
2024-09-10T02:01:22.253187,0.0,0.0,0.0
2024-09-10T02:01:23.510663,0.0,0.0,0.0
2024-09-10T02:01:24.252774,0.0,0.0,0.0
2024-09-10T02:01:25.750690,0.0,0.0,0.0
2024-09-10T02:01:30.253167,0.0,0.0,0.0
2024-09-10T02:01:53.469358,0.0,0.0,0.0
2024-09-10T02:01:53.965799,0.0,0.0,0.0
2024-09-10T02:01:54.965597,0.0,0.0,0.0
2024-09-10T02:01:57.210006,0.0,0.0,0.0
2024-09-10T02:01:58.960459,0.0,0.0,0.0
2024-09-10T02:01:59.708275,0.0,0.0,0.0
2024-09-10T02:02:00.963271,0.0,0.0,0.0
2024-09-10T02:02:01.208560,0.0,0.0,0.0
2024-09-10T02:02:01.457021,0.0,0.0,0.0
2024-09-10T02:02:03.206012,0.0,0.0,0.0
2024-09-10T02:02:03.704458,0.0,0.0,0.0
2024-09-10T02:02:04.456073,0.0,0.0,0.0
2024-09-10T02:02:06.702055,0.0,0.0,0.0
2024-09-10T02:02:07.947947,0.0,0.0,0.0
2024-09-10T02:02:18.936234,0.0,0.0,0.0
2024-09-10T02:02:19.682977,0.0,0.0,0.0
2024-09-10T02:02:19.934056,0.0,0.0,0.0
2024-09-10T02:02:20.183698,0.0,0.0,0.0
2024-09-10T02:02:22.429527,0.0,0.0,0.0
2024-09-10T02:02:23.929056,0.0,0.0,0.0
2024-09-10T02:02:24.676471,0.0,0.0,0.0
2024-09-10T02:03:33.094085,0.0,0.0,0.0
2024-09-10T02:04:05.553407,0.0,0.0,0.0
2024-09-10T02:04:06.051686,0.0,0.0,0.0
2024-09-10T02:04:06.301751,0.0,0.0,0.0
2024-09-10T02:04:07.300474,0.0,0.0,0.0
2024-09-10T02:04:08.798572,0.0,0.0,0.0
2024-09-10T02:04:09.547471,0.0,0.0,0.0
2024-09-10T02:04:13.043507,0.0,0.0,0.0
2024-09-10T02:04:17.290786,0.0,0.0,0.0
2024-09-10T02:04:17.789865,0.0,0.0,0.0
2024-09-10T02:04:20.784187,0.0,0.0,0.0
2024-09-10T02:04:21.034098,0.0,0.0,0.0
2024-09-10T02:04:21.285114,0.0,0.0,0.0
2024-09-10T02:04:22.284840,0.0,0.0,0.0
2024-09-10T02:04:22.535218,0.0,0.0,0.0
2024-09-10T02:04:22.785424,0.0,0.0,0.0
2024-09-10T02:04:23.033650,0.0,0.0,0.0
2024-09-10T02:04:23.281422,0.0,0.0,0.0
2024-09-10T02:04:23.531284,0.0,0.0,0.0
2024-09-10T02:04:25.030379,0.0,0.0,0.0
2024-09-10T02:04:27.028775,0.0,0.0,0.0
2024-09-10T02:04:27.276352,0.0,0.0,0.0
2024-09-10T02:04:27.777166,0.0,0.0,0.0
2024-09-10T02:04:28.025722,0.0,0.0,0.0
2024-09-10T02:04:28.286771,0.0,0.0,0.0
2024-09-10T02:04:29.286165,0.0,0.0,0.0
2024-09-10T02:04:29.520533,0.0,0.0,0.0
2024-09-10T02:04:31.777324,0.0,0.0,0.0
2024-09-10T02:04:32.021782,0.0,0.0,0.0
2024-09-10T02:04:33.020242,0.0,0.0,0.0
2024-09-10T02:04:34.018217,0.0,0.0,0.0
2024-09-10T02:04:34.275441,0.0,0.0,0.0
2024-09-10T02:04:34.519818,0.0,0.0,0.0
2024-09-10T02:04:36.515526,0.0,0.0,0.0
2024-09-10T02:04:37.016849,0.0,0.0,0.0
2024-09-10T02:04:38.763099,0.0,0.0,0.0
2024-09-10T02:04:40.021174,0.0,0.0,0.0
2024-09-10T02:04:41.015204,0.0,0.0,0.0
2024-09-10T02:04:41.761158,0.0,0.0,0.0
2024-09-10T02:04:42.259002,0.0,0.0,0.0
2024-09-10T02:04:43.260495,0.0,0.0,0.0
2024-09-10T02:04:43.508881,0.0,0.0,0.0
2024-09-10T02:04:43.758278,0.0,0.0,0.0
2024-09-10T02:04:44.006614,0.0,0.0,0.0
2024-09-10T02:04:44.258348,0.0,0.0,0.0
2024-09-10T02:04:44.505688,0.0,0.0,0.0
2024-09-10T02:04:45.756622,0.0,0.0,0.0
2024-09-10T02:04:46.004825,0.0,0.0,0.0
2024-09-10T02:04:46.242938,0.0,0.0,0.0
2024-09-10T02:04:46.487832,0.0,0.0,0.0
2024-09-10T02:04:46.743084,0.0,0.0,0.0
2024-09-10T02:04:47.005148,0.0,0.0,0.0
2024-09-10T02:04:48.000119,0.0,0.0,0.0
2024-09-10T02:04:48.245960,0.0,0.0,0.0
2024-09-10T02:04:48.493117,0.0,0.0,0.0
2024-09-10T02:04:48.763854,0.0,0.0,0.0
2024-09-10T02:04:48.979415,0.0,0.0,0.0
2024-09-10T02:04:49.260322,0.0,0.0,0.0
2024-09-10T02:04:50.254622,0.0,0.0,0.0
2024-09-10T02:04:50.504059,0.0,0.0,0.0
2024-09-10T02:04:50.749430,0.0,0.0,0.0
2024-09-10T02:04:51.000075,0.0,0.0,0.0
2024-09-10T02:04:51.248324,0.0,0.0,0.0
2024-09-10T02:04:51.498869,0.0,0.0,0.0
2024-09-10T02:04:52.746624,0.0,0.0,0.0
2024-09-10T02:04:52.997425,0.0,0.0,0.0
2024-09-10T02:04:53.246929,0.0,0.0,0.0
2024-09-10T02:04:53.496059,0.0,0.0,0.0
2024-09-10T02:04:53.748464,0.0,0.0,0.0
2024-09-10T02:04:54.996082,0.0,0.0,0.0
2024-09-10T02:04:55.247698,0.0,0.0,0.0
2024-09-10T02:04:55.500504,0.0,0.0,0.0
2024-09-10T02:04:55.744600,0.0,0.0,0.0
2024-09-10T02:04:55.993780,0.0,0.0,0.0
2024-09-10T02:04:56.242452,0.0,0.0,0.0
2024-09-10T02:04:57.494004,0.0,0.0,0.0
2024-09-10T02:04:57.742532,0.0,0.0,0.0
2024-09-10T02:04:57.993177,0.0,0.0,0.0
2024-09-10T02:04:58.240536,0.0,0.0,0.0
2024-09-10T02:04:58.489071,0.0,0.0,0.0
2024-09-10T02:04:59.737609,0.0,0.0,0.0
2024-09-10T02:04:59.988746,0.0,0.0,0.0
2024-09-10T02:05:00.240305,0.0,0.0,0.0
2024-09-10T02:05:00.736561,0.0,0.0,0.0
2024-09-10T02:05:01.984797,0.0,0.0,0.0
2024-09-10T02:05:02.234534,0.0,0.0,0.0
2024-09-10T02:05:02.491379,0.0,0.0,0.0
2024-09-10T02:05:02.734393,0.0,0.0,0.0
2024-09-10T02:05:02.985606,0.0,0.0,0.0
2024-09-10T02:05:03.234448,0.0,0.0,0.0
2024-09-10T02:05:04.482232,0.0,0.0,0.0
2024-09-10T02:05:04.727147,0.0,0.0,0.0
2024-09-10T02:05:04.983559,0.0,0.0,0.0
2024-09-10T02:05:05.235670,0.0,0.0,0.0
2024-09-10T02:05:05.483133,0.0,0.0,0.0
2024-09-10T02:05:06.723162,0.0,0.0,0.0
2024-09-10T02:05:06.965956,0.0,0.0,0.0
2024-09-10T02:05:07.203705,0.0,0.0,0.0
2024-09-10T02:05:07.457467,0.0,0.0,0.0
2024-09-10T02:05:07.703400,0.0,0.0,0.0
2024-09-10T02:05:07.985651,0.0,0.0,0.0
2024-09-10T02:05:08.976100,0.0,0.0,0.0
2024-09-10T02:05:09.231063,0.0,0.0,0.0
2024-09-10T02:05:09.478649,0.0,0.0,0.0
2024-09-10T02:05:09.730665,0.0,0.0,0.0
2024-09-10T02:05:09.976127,0.0,0.0,0.0
2024-09-10T02:05:10.221173,0.0,0.0,0.0
2024-09-10T02:05:11.479046,0.0,0.0,0.0
2024-09-10T02:05:11.722990,0.0,0.0,0.0
2024-09-10T02:05:11.976226,0.0,0.0,0.0
2024-09-10T02:05:12.224944,0.0,0.0,0.0
2024-09-10T02:05:12.473100,0.0,0.0,0.0
2024-09-10T02:05:13.721052,0.0,0.0,0.0
2024-09-10T02:05:13.972518,0.0,0.0,0.0
2024-09-10T02:05:14.225762,0.0,0.0,0.0
2024-09-10T02:05:14.469975,0.0,0.0,0.0
2024-09-10T02:05:14.732174,0.0,0.0,0.0
2024-09-10T02:05:14.971475,0.0,0.0,0.0
2024-09-10T02:05:15.969014,0.0,0.0,0.0
2024-09-10T02:05:16.222390,0.0,0.0,0.0
2024-09-10T02:05:16.467367,0.0,0.0,0.0
2024-09-10T02:05:16.716609,0.0,0.0,0.0
2024-09-10T02:05:16.968691,0.0,0.0,0.0
2024-09-10T02:05:17.217875,0.0,0.0,0.0
2024-09-10T02:05:18.465364,0.0,0.0,0.0
2024-09-10T02:05:18.716086,0.0,0.0,0.0
2024-09-10T02:05:18.965673,0.0,0.0,0.0
2024-09-10T02:05:19.213999,0.0,0.0,0.0
2024-09-10T02:05:19.465337,0.0,0.0,0.0
2024-09-10T02:05:19.714567,0.0,0.0,0.0
2024-09-10T02:05:20.712967,0.0,0.0,0.0
2024-09-10T02:05:20.963926,0.0,0.0,0.0
2024-09-10T02:05:21.212340,0.0,0.0,0.0
2024-09-10T02:05:21.462048,0.0,0.0,0.0
2024-09-10T02:05:21.712399,0.0,0.0,0.0
2024-09-10T02:05:21.961682,0.0,0.0,0.0
2024-09-10T02:05:22.960758,0.0,0.0,0.0
2024-09-10T02:05:23.218640,0.0,0.0,0.0
2024-09-10T02:05:23.469913,0.0,0.0,0.0
2024-09-10T02:05:23.975727,0.0,0.0,0.0
2024-09-10T02:05:24.203610,0.0,0.0,0.0
2024-09-10T02:05:25.464368,0.0,0.0,0.0
2024-09-10T02:05:25.702452,0.0,0.0,0.0
2024-09-10T02:05:25.957107,0.0,0.0,0.0
2024-09-10T02:05:26.206189,0.0,0.0,0.0
2024-09-10T02:05:26.457999,0.0,0.0,0.0
2024-09-10T02:05:26.712151,0.0,0.0,0.0
2024-09-10T02:05:28.203044,0.0,0.0,0.0
2024-09-10T02:05:28.453270,0.0,0.0,0.0
2024-09-10T02:05:28.702457,0.0,0.0,0.0
2024-09-10T02:05:28.958371,0.0,0.0,0.0
2024-09-10T02:05:30.207477,0.0,0.0,0.0
2024-09-10T02:05:30.453185,0.0,0.0,0.0
2024-09-10T02:05:30.708726,0.0,0.0,0.0
2024-09-10T02:05:30.951086,0.0,0.0,0.0
2024-09-10T02:05:31.200167,0.0,0.0,0.0
2024-09-10T02:05:32.448184,0.0,0.0,0.0
2024-09-10T02:05:32.702493,0.0,0.0,0.0
2024-09-10T02:05:33.454513,0.0,0.0,0.0
2024-09-10T02:05:33.697560,0.0,0.0,0.0
2024-09-10T02:05:34.696789,0.0,0.0,0.0
2024-09-10T02:05:34.945603,0.0,0.0,0.0
2024-09-10T02:05:35.196167,0.0,0.0,0.0
2024-09-10T02:05:35.448914,0.0,0.0,0.0
2024-09-10T02:05:35.695795,0.0,0.0,0.0
2024-09-10T02:05:35.950307,0.0,0.0,0.0
2024-09-10T02:05:36.943634,0.0,0.0,0.0
2024-09-10T02:05:37.193010,0.0,0.0,0.0
2024-09-10T02:05:37.443631,0.0,0.0,0.0
2024-09-10T02:05:37.692044,0.0,0.0,0.0
2024-09-10T02:05:37.943402,0.0,0.0,0.0
2024-09-10T02:05:38.192639,0.0,0.0,0.0
2024-09-10T02:05:39.439551,0.0,0.0,0.0
2024-09-10T02:05:39.691322,0.0,0.0,0.0
2024-09-10T02:05:39.942359,0.0,0.0,0.0
2024-09-10T02:05:40.192708,0.0,0.0,0.0
2024-09-10T02:05:40.438745,0.0,0.0,0.0
2024-09-10T02:05:40.700257,0.0,0.0,0.0
2024-09-10T02:05:41.954554,0.0,0.0,0.0
2024-09-10T02:05:42.179768,0.0,0.0,0.0
2024-09-10T02:05:42.447837,0.0,0.0,0.0
2024-09-10T02:05:42.671851,0.0,0.0,0.0
2024-09-10T02:05:42.918298,0.0,0.0,0.0
2024-09-10T02:05:43.914629,0.0,0.0,0.0
2024-09-10T02:05:44.184282,0.0,0.0,0.0
2024-09-10T02:05:44.434644,0.0,0.0,0.0
2024-09-10T02:05:44.684297,0.0,0.0,0.0
2024-09-10T02:05:44.934107,0.0,0.0,0.0
2024-09-10T02:05:45.186063,0.0,0.0,0.0
2024-09-10T02:05:46.431526,0.0,0.0,0.0
2024-09-10T02:05:46.682554,0.0,0.0,0.0
2024-09-10T02:05:46.933646,0.0,0.0,0.0
2024-09-10T02:05:47.180228,0.0,0.0,0.0
2024-09-10T02:05:47.437670,0.0,0.0,0.0
2024-09-10T02:05:47.684803,0.0,0.0,0.0
2024-09-10T02:05:48.683371,0.0,0.0,0.0
2024-09-10T02:05:48.929975,0.0,0.0,0.0
2024-09-10T02:05:49.180959,0.0,0.0,0.0
2024-09-10T02:05:49.429528,0.0,0.0,0.0
2024-09-10T02:05:49.679704,0.0,0.0,0.0
2024-09-10T02:05:49.928664,0.0,0.0,0.0
2024-09-10T02:05:51.175989,0.0,0.0,0.0
2024-09-10T02:05:51.421703,0.0,0.0,0.0
2024-09-10T02:09:38.235523,0.0,0.0,0.0
2024-09-10T02:09:38.734945,0.0,0.0,0.0
2024-09-10T02:09:38.983024,0.0,0.0,0.0
2024-09-10T02:09:39.233944,0.0,0.0,0.0
2024-09-10T02:09:39.487031,0.0,0.0,0.0
2024-09-10T02:09:39.732978,0.0,0.0,0.0
2024-09-10T02:09:40.980557,0.0,0.0,0.0
2024-09-10T02:09:41.233336,0.0,0.0,0.0
2024-09-10T02:09:41.729415,0.0,0.0,0.0
2024-09-10T02:09:41.980104,0.0,0.0,0.0
2024-09-10T02:09:42.233809,0.0,0.0,0.0
2024-09-10T02:09:43.227256,0.0,0.0,0.0
2024-09-10T02:09:43.477106,0.0,0.0,0.0
2024-09-10T02:09:43.730717,0.0,0.0,0.0
2024-09-10T02:09:43.981273,0.0,0.0,0.0
2024-09-10T02:09:44.230608,0.0,0.0,0.0
2024-09-10T02:09:44.477434,0.0,0.0,0.0
2024-09-10T02:09:45.719157,0.0,0.0,0.0
2024-09-10T02:09:45.982518,0.0,0.0,0.0
2024-09-10T02:09:46.229140,0.0,0.0,0.0
2024-09-10T02:09:46.475462,0.0,0.0,0.0
2024-09-10T02:09:46.724257,0.0,0.0,0.0
2024-09-10T02:09:47.222014,0.0,0.0,0.0
2024-09-10T02:09:47.980212,0.0,0.0,0.0
2024-09-10T02:09:48.227429,0.0,0.0,0.0
2024-09-10T02:09:48.461874,0.0,0.0,0.0
2024-09-10T02:09:48.721225,0.0,0.0,0.0
2024-09-10T02:09:48.964299,0.0,0.0,0.0
2024-09-10T02:09:49.223402,0.0,0.0,0.0
2024-09-10T02:09:50.219662,0.0,0.0,0.0
2024-09-10T02:09:50.472131,0.0,0.0,0.0
2024-09-10T02:09:50.709908,0.0,0.0,0.0
2024-09-10T02:09:50.977008,0.0,0.0,0.0
2024-09-10T02:09:51.218383,0.0,0.0,0.0
2024-09-10T02:09:51.469811,0.0,0.0,0.0
2024-09-10T02:09:52.716615,0.0,0.0,0.0
2024-09-10T02:09:52.966599,0.0,0.0,0.0
2024-09-10T02:09:53.216126,0.0,0.0,0.0
2024-09-10T02:09:53.467350,0.0,0.0,0.0
2024-09-10T02:09:53.726995,0.0,0.0,0.0
2024-09-10T02:09:54.968245,0.0,0.0,0.0
2024-09-10T02:09:55.213676,0.0,0.0,0.0
2024-09-10T02:09:55.465858,0.0,0.0,0.0
2024-09-10T02:09:55.714010,0.0,0.0,0.0
2024-09-10T02:09:55.961814,0.0,0.0,0.0
2024-09-10T02:09:56.211711,0.0,0.0,0.0
2024-09-10T02:09:57.211003,0.0,0.0,0.0
2024-09-10T02:09:57.464293,0.0,0.0,0.0
2024-09-10T02:09:57.712180,0.0,0.0,0.0
2024-09-10T02:09:57.961625,0.0,0.0,0.0
2024-09-10T02:09:58.212131,0.0,0.0,0.0
2024-09-10T02:09:58.459854,0.0,0.0,0.0
2024-09-10T02:09:59.709404,0.0,0.0,0.0
2024-09-10T02:09:59.965243,0.0,0.0,0.0
2024-09-10T02:10:00.208794,0.0,0.0,0.0
2024-09-10T02:10:00.457517,0.0,0.0,0.0
2024-09-10T02:10:00.714223,0.0,0.0,0.0
2024-09-10T02:10:01.954942,0.0,0.0,0.0
2024-09-10T02:10:02.204445,0.0,0.0,0.0
2024-09-10T02:10:02.457750,0.0,0.0,0.0
2024-09-10T02:10:02.683142,0.0,0.0,0.0
2024-09-10T02:10:02.932923,0.0,0.0,0.0
2024-09-10T02:10:03.191418,0.0,0.0,0.0
2024-09-10T02:10:04.204545,0.0,0.0,0.0
2024-09-10T02:10:04.451744,0.0,0.0,0.0
2024-09-10T02:10:04.719134,0.0,0.0,0.0
2024-09-10T02:10:05.208006,0.0,0.0,0.0
2024-09-10T02:10:05.447942,0.0,0.0,0.0
2024-09-10T02:10:06.680464,0.0,0.0,0.0
2024-09-10T02:10:06.929228,0.0,0.0,0.0
2024-09-10T02:10:07.209294,0.0,0.0,0.0
2024-09-10T02:10:07.450239,0.0,0.0,0.0
2024-09-10T02:10:07.701100,0.0,0.0,0.0
2024-09-10T02:10:08.947082,0.0,0.0,0.0
2024-09-10T02:10:09.197950,0.0,0.0,0.0
2024-09-10T02:10:09.448680,0.0,0.0,0.0
2024-09-10T02:10:09.699045,0.0,0.0,0.0
2024-09-10T02:10:09.948275,0.0,0.0,0.0
2024-09-10T02:10:10.198223,0.0,0.0,0.0
2024-09-10T02:10:11.195600,0.0,0.0,0.0
2024-09-10T02:10:11.446431,0.0,0.0,0.0
2024-09-10T02:10:11.693884,0.0,0.0,0.0
2024-09-10T02:10:11.945266,0.0,0.0,0.0
2024-09-10T02:10:12.192768,0.0,0.0,0.0
2024-09-10T02:10:12.450650,0.0,0.0,0.0
2024-09-10T02:10:13.697508,0.0,0.0,0.0
2024-09-10T02:10:13.939434,0.0,0.0,0.0
2024-09-10T02:10:14.192397,0.0,0.0,0.0
2024-09-10T02:10:14.434557,19.0,93.0,26.0
2024-09-10T02:10:14.695571,19.0,93.0,26.0
2024-09-10T02:10:14.938955,37.0,93.0,26.0
2024-09-10T02:10:15.939359,37.0,93.0,26.0
2024-09-10T02:10:16.189392,37.0,93.0,26.0
2024-09-10T02:10:16.441455,61.0,120.0,29.0
2024-09-10T02:10:16.689451,85.0,120.0,29.0
2024-09-10T02:10:16.937344,109.0,120.0,29.0
2024-09-10T02:10:18.185603,115.0,121.0,29.0
2024-09-10T02:10:18.441424,115.0,121.0,29.0
2024-09-10T02:10:18.684819,115.0,121.0,29.0
2024-09-10T02:10:18.940058,120.0,121.0,29.0
2024-09-10T02:10:19.184242,121.0,121.0,29.0
2024-09-10T02:10:19.441685,121.0,121.0,29.0
2024-09-10T02:10:20.682258,122.0,125.0,30.0
2024-09-10T02:10:20.932164,122.0,125.0,30.0
2024-09-10T02:10:21.183764,122.0,125.0,30.0
2024-09-10T02:10:21.426692,123.0,125.0,30.0
2024-09-10T02:10:21.685324,123.0,121.0,31.0
2024-09-10T02:10:21.932691,123.0,121.0,31.0
2024-09-10T02:10:23.185258,123.0,121.0,31.0
2024-09-10T02:10:23.449058,123.0,121.0,31.0
2024-09-10T02:10:23.690472,123.0,126.0,32.0
2024-09-10T02:10:23.942307,123.0,126.0,32.0
2024-09-10T02:10:24.160117,123.0,126.0,32.0
2024-09-10T02:10:25.161294,122.0,116.0,33.0
2024-09-10T02:10:25.432065,122.0,116.0,33.0
2024-09-10T02:10:25.677978,121.0,116.0,33.0
2024-09-10T02:10:25.932878,120.0,116.0,33.0
2024-09-10T02:10:26.178411,118.0,116.0,33.0
2024-09-10T02:10:26.427617,116.0,116.0,33.0
2024-09-10T02:10:27.674680,117.0,121.0,34.0
2024-09-10T02:10:27.927289,117.0,121.0,34.0
2024-09-10T02:10:28.176939,118.0,121.0,34.0
2024-09-10T02:10:28.432907,117.0,112.0,34.0
2024-09-10T02:10:28.673277,116.0,112.0,34.0
2024-09-10T02:10:28.924240,116.0,112.0,34.0
2024-09-10T02:10:29.917586,114.0,112.0,34.0
2024-09-10T02:10:30.174996,114.0,120.0,35.0
2024-09-10T02:10:30.422157,114.0,120.0,35.0
2024-09-10T02:10:30.672752,115.0,120.0,35.0
2024-09-10T02:10:30.910859,117.0,120.0,35.0
2024-09-10T02:10:31.173789,118.0,120.0,35.0
2024-09-10T02:10:32.170922,120.0,118.0,36.0
2024-09-10T02:10:32.418678,119.0,118.0,36.0
2024-09-10T02:10:32.669763,119.0,118.0,36.0
2024-09-10T02:10:32.918819,119.0,118.0,36.0
2024-09-10T02:10:33.170099,118.0,118.0,37.0
2024-09-10T02:10:33.419990,118.0,118.0,37.0
2024-09-10T02:10:34.665596,115.0,104.0,38.0
2024-09-10T02:10:34.916176,112.0,104.0,38.0
2024-09-10T02:10:35.164582,110.0,104.0,38.0
2024-09-10T02:10:35.417230,110.0,104.0,38.0
2024-09-10T02:10:35.666703,107.0,104.0,38.0
2024-09-10T02:10:35.914119,104.0,104.0,38.0
2024-09-10T02:10:36.914142,104.0,104.0,38.0
2024-09-10T02:10:37.164733,106.0,114.0,38.0
2024-09-10T02:10:37.412983,108.0,114.0,38.0
2024-09-10T02:10:37.662964,109.0,109.0,39.0
2024-09-10T02:10:37.913095,109.0,109.0,39.0
2024-09-10T02:10:38.164376,110.0,109.0,39.0
2024-09-10T02:10:39.160478,110.0,109.0,39.0
2024-09-10T02:10:39.406962,110.0,109.0,39.0
2024-09-10T02:10:39.667007,111.0,111.0,40.0
2024-09-10T02:10:39.913965,111.0,111.0,40.0
2024-09-10T02:10:40.166464,110.0,111.0,40.0
2024-09-10T02:10:40.425628,110.0,111.0,40.0
2024-09-10T02:10:41.649042,110.0,111.0,40.0
2024-09-10T02:10:41.909899,110.0,111.0,40.0
2024-09-10T02:10:42.141378,110.0,107.0,41.0
2024-09-10T02:10:42.384514,109.0,107.0,41.0
2024-09-10T02:10:42.637018,109.0,107.0,41.0
2024-09-10T02:10:42.885699,109.0,107.0,41.0
2024-09-10T02:10:43.905723,106.0,100.0,41.0
2024-09-10T02:10:44.158474,106.0,100.0,41.0
2024-09-10T02:10:44.413282,106.0,100.0,41.0
2024-09-10T02:10:44.653323,105.0,102.0,42.0
2024-09-10T02:10:44.906203,104.0,102.0,42.0
2024-09-10T02:10:45.157294,103.0,102.0,42.0
2024-09-10T02:10:46.161439,106.0,123.0,42.0
2024-09-10T02:10:46.403016,110.0,123.0,42.0
2024-09-10T02:10:46.656282,110.0,123.0,42.0
2024-09-10T02:10:46.901738,115.0,123.0,42.0
2024-09-10T02:10:47.153001,121.0,132.0,43.0
2024-09-10T02:10:47.400860,121.0,132.0,43.0
2024-09-10T02:10:48.650583,121.0,132.0,43.0
2024-09-10T02:10:48.901023,128.0,140.0,44.0
2024-09-10T02:10:49.150109,132.0,140.0,44.0
2024-09-10T02:10:49.400881,135.0,140.0,44.0
2024-09-10T02:10:49.648782,138.0,140.0,44.0
2024-09-10T02:10:49.901386,138.0,140.0,44.0
2024-09-10T02:10:50.896984,136.0,122.0,44.0
2024-09-10T02:10:51.146087,136.0,122.0,44.0
2024-09-10T02:10:51.397622,136.0,137.0,44.0
2024-09-10T02:10:51.646713,135.0,137.0,44.0
2024-09-10T02:10:51.900055,135.0,137.0,44.0
2024-09-10T02:10:52.146420,134.0,137.0,44.0
2024-09-10T02:10:53.145261,139.0,146.0,45.0
2024-09-10T02:10:53.393796,141.0,146.0,45.0
2024-09-10T02:10:53.644276,141.0,146.0,45.0
2024-09-10T02:10:53.892678,140.0,132.0,45.0
2024-09-10T02:10:54.142269,139.0,132.0,45.0
2024-09-10T02:10:54.393061,138.0,132.0,45.0
2024-09-10T02:10:55.641384,135.0,134.0,46.0
2024-09-10T02:10:55.891900,133.0,134.0,46.0
2024-09-10T02:10:56.139534,133.0,134.0,46.0
2024-09-10T02:10:56.393077,131.0,125.0,46.0
2024-09-10T02:10:56.640282,130.0,125.0,46.0
2024-09-10T02:10:56.892852,129.0,125.0,46.0
2024-09-10T02:10:57.893925,128.0,133.0,47.0
2024-09-10T02:10:58.139965,128.0,133.0,47.0
2024-09-10T02:10:58.392321,130.0,133.0,47.0
2024-09-10T02:10:58.640741,130.0,133.0,47.0
2024-09-10T02:10:59.165557,131.0,133.0,47.0
2024-09-10T02:11:00.146693,131.0,133.0,47.0
2024-09-10T02:11:00.368334,133.0,131.0,47.0
2024-09-10T02:11:00.637217,132.0,131.0,47.0
2024-09-10T02:11:00.870538,135.0,145.0,48.0
2024-09-10T02:11:01.142751,135.0,145.0,48.0
2024-09-10T02:11:01.389461,137.0,145.0,48.0
2024-09-10T02:11:02.636195,137.0,145.0,48.0
2024-09-10T02:11:02.883349,139.0,141.0,48.0
2024-09-10T02:11:03.140287,143.0,155.0,49.0
2024-09-10T02:11:03.382960,148.0,155.0,49.0
2024-09-10T02:11:03.634483,148.0,155.0,49.0
2024-09-10T02:11:03.880239,150.0,155.0,49.0
2024-09-10T02:11:04.880533,150.0,155.0,49.0
2024-09-10T02:11:05.127121,150.0,155.0,49.0
2024-09-10T02:11:05.383870,147.0,131.0,49.0
2024-09-10T02:11:05.635783,145.0,128.0,49.0
2024-09-10T02:11:05.885232,139.0,128.0,49.0
2024-09-10T02:11:06.128137,139.0,128.0,49.0
2024-09-10T02:11:07.379978,139.0,128.0,49.0
2024-09-10T02:11:07.627575,139.0,128.0,49.0
2024-09-10T02:11:07.877755,138.0,147.0,50.0
2024-09-10T02:11:08.131084,136.0,147.0,50.0
2024-09-10T02:11:08.379779,139.0,147.0,50.0
2024-09-10T02:11:09.875689,139.0,147.0,50.0
2024-09-10T02:11:10.126285,141.0,136.0,51.0
2024-09-10T02:11:10.372255,143.0,136.0,51.0
2024-09-10T02:11:10.624175,143.0,136.0,51.0
2024-09-10T02:11:10.872839,140.0,136.0,51.0
2024-09-10T02:11:11.872674,140.0,136.0,51.0
2024-09-10T02:11:12.123099,142.0,153.0,51.0
2024-09-10T02:11:12.373231,140.0,137.0,51.0
2024-09-10T02:11:12.870729,140.0,137.0,51.0
2024-09-10T02:11:13.119002,140.0,137.0,51.0
2024-09-10T02:11:14.370096,140.0,137.0,51.0
2024-09-10T02:11:14.619170,144.0,157.0,52.0
2024-09-10T02:11:14.867062,148.0,157.0,52.0
2024-09-10T02:11:15.120162,149.0,157.0,52.0
2024-09-10T02:11:15.355684,153.0,157.0,52.0
2024-09-10T02:11:16.616053,152.0,131.0,52.0
2024-09-10T02:11:17.132780,143.0,111.0,53.0
2024-09-10T02:11:17.358083,133.0,111.0,53.0
2024-09-10T02:11:17.623978,124.0,111.0,53.0
2024-09-10T02:11:17.855684,117.0,122.0,53.0
2024-09-10T02:11:18.877180,115.0,119.0,53.0
2024-09-10T02:11:19.092687,116.0,119.0,53.0
2024-09-10T02:11:19.365289,116.0,119.0,53.0
2024-09-10T02:11:19.624353,118.0,119.0,53.0
2024-09-10T02:11:19.863620,120.0,119.0,53.0
2024-09-10T02:11:20.110864,120.0,125.0,53.0
2024-09-10T02:11:21.367543,123.0,131.0,53.0
2024-09-10T02:11:21.610832,125.0,131.0,53.0
2024-09-10T02:11:21.860297,125.0,131.0,53.0
2024-09-10T02:11:22.114872,128.0,133.0,54.0
2024-09-10T02:11:22.358563,131.0,133.0,54.0
2024-09-10T02:11:23.614195,134.0,143.0,54.0
2024-09-10T02:11:23.857064,137.0,143.0,54.0
2024-09-10T02:11:24.109454,139.0,143.0,54.0
2024-09-10T02:11:24.364105,139.0,143.0,54.0
2024-09-10T02:11:24.606381,138.0,129.0,54.0
2024-09-10T02:11:24.860205,137.0,129.0,54.0
2024-09-10T02:11:25.856300,137.0,129.0,54.0
2024-09-10T02:11:26.105778,135.0,132.0,55.0
2024-09-10T02:11:26.353385,131.0,121.0,55.0
2024-09-10T02:11:26.603955,126.0,121.0,55.0
2024-09-10T02:11:26.852819,126.0,121.0,55.0
2024-09-10T02:11:27.103455,125.0,121.0,55.0
2024-09-10T02:11:28.351540,125.0,121.0,55.0
2024-09-10T02:11:28.600591,121.0,112.0,55.0
2024-09-10T02:11:28.851247,117.0,112.0,55.0
2024-09-10T02:11:29.100110,116.0,112.0,55.0
2024-09-10T02:11:29.350641,116.0,112.0,55.0
2024-09-10T02:11:30.598091,116.0,112.0,55.0
2024-09-10T02:11:30.855245,116.0,112.0,55.0
2024-09-10T02:11:31.103137,120.0,142.0,56.0
2024-09-10T02:11:31.348071,124.0,142.0,56.0
2024-09-10T02:11:31.598606,129.0,135.0,56.0
2024-09-10T02:11:31.849497,129.0,135.0,56.0
2024-09-10T02:11:32.847996,133.0,132.0,57.0
2024-09-10T02:11:33.101036,133.0,132.0,57.0
2024-09-10T02:11:33.353878,137.0,132.0,57.0
2024-09-10T02:11:33.605546,129.0,104.0,57.0
2024-09-10T02:11:33.847091,129.0,104.0,57.0
2024-09-10T02:11:34.100823,121.0,104.0,57.0
2024-09-10T02:11:35.359984,122.0,137.0,57.0
2024-09-10T02:11:35.583690,113.0,88.0,57.0
2024-09-10T02:11:35.851728,104.0,88.0,57.0
2024-09-10T02:11:36.077413,101.0,88.0,57.0
2024-09-10T02:11:36.348133,101.0,88.0,57.0
2024-09-10T02:11:37.590125,101.0,88.0,57.0
2024-09-10T02:11:37.843991,106.0,129.0,58.0
2024-09-10T02:11:38.092971,104.0,129.0,58.0
2024-09-10T02:11:38.338884,113.0,129.0,58.0
2024-09-10T02:11:38.591837,122.0,137.0,58.0
2024-09-10T02:11:38.838698,122.0,137.0,58.0
2024-09-10T02:11:39.838460,132.0,136.0,58.0
2024-09-10T02:11:40.086770,132.0,136.0,58.0
2024-09-10T02:11:40.336781,133.0,136.0,58.0
2024-09-10T02:11:40.587842,130.0,110.0,58.0
2024-09-10T02:11:40.835939,126.0,110.0,58.0
2024-09-10T02:11:41.089622,120.0,110.0,58.0
2024-09-10T02:11:42.336393,121.0,139.0,59.0
2024-09-10T02:11:42.585397,121.0,139.0,59.0
2024-09-10T02:11:42.833753,113.0,98.0,59.0
2024-09-10T02:11:43.085653,111.0,98.0,59.0
2024-09-10T02:11:43.336544,109.0,98.0,59.0
2024-09-10T02:11:44.582846,110.0,115.0,59.0
2024-09-10T02:11:44.836471,105.0,115.0,59.0
2024-09-10T02:11:45.082077,105.0,115.0,59.0
2024-09-10T02:11:45.333720,108.0,115.0,59.0
2024-09-10T02:11:45.580129,112.0,118.0,59.0
2024-09-10T02:11:45.831501,116.0,118.0,59.0
2024-09-10T02:11:46.830017,120.0,135.0,59.0
2024-09-10T02:11:47.078942,124.0,135.0,59.0
2024-09-10T02:11:47.325937,124.0,116.0,59.0
2024-09-10T02:11:47.580326,124.0,116.0,59.0
2024-09-10T02:11:47.832469,124.0,116.0,59.0
2024-09-10T02:11:48.084261,124.0,116.0,59.0
2024-09-10T02:11:49.325540,123.0,134.0,60.0
2024-09-10T02:11:49.578575,123.0,134.0,60.0
2024-09-10T02:11:49.825873,127.0,134.0,60.0
2024-09-10T02:11:50.076464,127.0,134.0,60.0
2024-09-10T02:11:50.328141,128.0,121.0,60.0
2024-09-10T02:11:51.575683,128.0,121.0,60.0
2024-09-10T02:11:51.827110,130.0,127.0,60.0
2024-09-10T02:11:52.079096,129.0,127.0,60.0
2024-09-10T02:11:52.329652,128.0,129.0,60.0
2024-09-10T02:11:52.588999,128.0,129.0,60.0
2024-09-10T02:11:52.858985,127.0,129.0,60.0
2024-09-10T02:11:53.068179,128.0,129.0,60.0
2024-09-10T02:11:53.812187,128.0,129.0,60.0
2024-09-10T02:11:54.072343,128.0,129.0,60.0
2024-09-10T02:11:54.301111,129.0,129.0,60.0
2024-09-10T02:11:54.569661,129.0,129.0,60.0
2024-09-10T02:11:54.827300,129.0,129.0,60.0
2024-09-10T02:11:55.068999,129.0,129.0,60.0
2024-09-10T02:11:56.322589,129.0,129.0,60.0
2024-09-10T02:11:56.569919,129.0,130.0,60.0
2024-09-10T02:11:56.821409,129.0,130.0,60.0
2024-09-10T02:11:57.072306,129.0,130.0,60.0
2024-09-10T02:11:57.316222,128.0,123.0,60.0
2024-09-10T02:11:58.565556,125.0,113.0,60.0
2024-09-10T02:11:58.814026,122.0,113.0,60.0
2024-09-10T02:11:59.065666,120.0,119.0,61.0
2024-09-10T02:11:59.314330,117.0,119.0,61.0
2024-09-10T02:11:59.566099,117.0,119.0,61.0
2024-09-10T02:11:59.814003,122.0,148.0,61.0
2024-09-10T02:12:00.815195,122.0,148.0,61.0
2024-09-10T02:12:01.069429,126.0,131.0,61.0
2024-09-10T02:12:01.317324,130.0,131.0,61.0
2024-09-10T02:12:01.562366,132.0,131.0,61.0
2024-09-10T02:12:01.815005,134.0,128.0,61.0
2024-09-10T02:12:02.062281,134.0,128.0,61.0
2024-09-10T02:12:03.309982,134.0,128.0,61.0
2024-09-10T02:12:03.559719,133.0,146.0,61.0
2024-09-10T02:12:03.809345,136.0,143.0,61.0
2024-09-10T02:12:04.060918,138.0,143.0,61.0
2024-09-10T02:12:04.308649,141.0,143.0,61.0
2024-09-10T02:12:04.565575,141.0,143.0,61.0
2024-09-10T02:12:05.556285,140.0,125.0,61.0
2024-09-10T02:12:05.808075,140.0,125.0,61.0
2024-09-10T02:12:06.060229,136.0,125.0,61.0
2024-09-10T02:12:06.307142,132.0,125.0,61.0
2024-09-10T02:12:06.555320,133.0,145.0,62.0
2024-09-10T02:12:06.808784,133.0,145.0,62.0
2024-09-10T02:12:07.808081,137.0,146.0,62.0
2024-09-10T02:12:08.055007,141.0,146.0,62.0
2024-09-10T02:12:08.306383,141.0,146.0,62.0
2024-09-10T02:12:08.552994,147.0,153.0,62.0
2024-09-10T02:12:08.803415,149.0,153.0,62.0
2024-09-10T02:12:09.054248,150.0,153.0,62.0
2024-09-10T02:12:10.300328,148.0,136.0,63.0
2024-09-10T02:12:10.556219,146.0,136.0,63.0
2024-09-10T02:12:11.076938,143.0,136.0,63.0
2024-09-10T02:12:11.293759,138.0,128.0,63.0
2024-09-10T02:12:11.559479,133.0,128.0,63.0
2024-09-10T02:12:12.536125,130.0,121.0,63.0
2024-09-10T02:12:12.805871,127.0,121.0,63.0
2024-09-10T02:12:13.022010,119.0,99.0,63.0
2024-09-10T02:12:13.305330,119.0,99.0,63.0
2024-09-10T02:12:13.548363,114.0,99.0,63.0
2024-09-10T02:12:13.798787,108.0,99.0,63.0
2024-09-10T02:12:14.796536,108.0,99.0,63.0
2024-09-10T02:12:15.046853,108.0,121.0,64.0
2024-09-10T02:12:15.295609,108.0,121.0,64.0
2024-09-10T02:12:15.543518,112.0,121.0,64.0
2024-09-10T02:12:15.797240,112.0,121.0,64.0
2024-09-10T02:12:16.045691,115.0,113.0,64.0
2024-09-10T02:12:17.292420,115.0,113.0,64.0
2024-09-10T02:12:17.542040,124.0,146.0,64.0
2024-09-10T02:12:17.797525,129.0,146.0,64.0
2024-09-10T02:12:18.042125,134.0,146.0,64.0
2024-09-10T02:12:18.294950,134.0,146.0,64.0
2024-09-10T02:12:18.542450,140.0,147.0,64.0
2024-09-10T02:12:19.541217,140.0,147.0,64.0
2024-09-10T02:12:19.794257,145.0,140.0,64.0
2024-09-10T02:12:20.042166,144.0,140.0,64.0
2024-09-10T02:12:20.292914,144.0,140.0,64.0
2024-09-10T02:12:20.546534,137.0,111.0,64.0
2024-09-10T02:12:20.792506,130.0,111.0,64.0
2024-09-10T02:12:21.792590,129.0,143.0,65.0
2024-09-10T02:12:22.038224,124.0,117.0,65.0
2024-09-10T02:12:22.298466,120.0,117.0,65.0
2024-09-10T02:12:22.535536,121.0,117.0,65.0
2024-09-10T02:12:22.786749,121.0,117.0,65.0
2024-09-10T02:12:23.041044,125.0,132.0,65.0
2024-09-10T02:12:24.528572,123.0,134.0,65.0
2024-09-10T02:12:24.778486,120.0,102.0,65.0
2024-09-10T02:12:25.032602,117.0,102.0,65.0
2024-09-10T02:12:25.287617,117.0,102.0,65.0
2024-09-10T02:12:25.541982,117.0,102.0,65.0
2024-09-10T02:12:26.535694,117.0,102.0,65.0
2024-09-10T02:12:26.785389,120.0,128.0,65.0
2024-09-10T02:12:27.032426,119.0,128.0,65.0
2024-09-10T02:12:27.281590,118.0,128.0,65.0
2024-09-10T02:12:27.533637,121.0,119.0,66.0
2024-09-10T02:12:27.780254,121.0,119.0,66.0
2024-09-10T02:12:29.039168,121.0,119.0,66.0
2024-09-10T02:12:29.310913,124.0,117.0,66.0
2024-09-10T02:12:29.524172,122.0,117.0,66.0
2024-09-10T02:12:29.795912,120.0,117.0,66.0
2024-09-10T02:12:30.014120,119.0,124.0,66.0
2024-09-10T02:12:31.271164,122.0,133.0,66.0
2024-09-10T02:12:31.538657,122.0,133.0,66.0
2024-09-10T02:12:31.787264,122.0,117.0,66.0
2024-09-10T02:12:32.030522,122.0,117.0,66.0
2024-09-10T02:12:32.279730,122.0,117.0,66.0
2024-09-10T02:12:32.525465,120.0,117.0,66.0
2024-09-10T02:12:33.522362,119.0,128.0,67.0
2024-09-10T02:12:33.779936,121.0,128.0,67.0
2024-09-10T02:12:34.024139,121.0,128.0,67.0
2024-09-10T02:12:34.274695,124.0,128.0,67.0
2024-09-10T02:12:34.521907,127.0,134.0,67.0
2024-09-10T02:12:34.773362,130.0,134.0,67.0
2024-09-10T02:12:36.026161,133.0,141.0,67.0
2024-09-10T02:12:36.270898,136.0,141.0,67.0
2024-09-10T02:12:36.520201,136.0,141.0,67.0
2024-09-10T02:12:36.770689,138.0,141.0,67.0
2024-09-10T02:12:37.020784,135.0,117.0,67.0
2024-09-10T02:12:38.268139,132.0,118.0,67.0
2024-09-10T02:12:38.517979,127.0,118.0,67.0
2024-09-10T02:12:38.767155,122.0,117.0,67.0
2024-09-10T02:12:39.023300,122.0,117.0,67.0
2024-09-10T02:12:39.268259,117.0,117.0,67.0
2024-09-10T02:12:39.517489,115.0,107.0,68.0
2024-09-10T02:12:40.514328,115.0,107.0,68.0
2024-09-10T02:12:40.766950,115.0,118.0,68.0
2024-09-10T02:12:41.013271,115.0,118.0,68.0
2024-09-10T02:12:41.263009,115.0,116.0,68.0
2024-09-10T02:12:41.512746,115.0,116.0,68.0
2024-09-10T02:12:41.769310,115.0,116.0,68.0
2024-09-10T02:12:42.768073,115.0,116.0,68.0
2024-09-10T02:12:43.018058,116.0,110.0,68.0
2024-09-10T02:12:43.267343,114.0,110.0,68.0
2024-09-10T02:12:43.513325,114.0,110.0,68.0
2024-09-10T02:12:43.761019,117.0,133.0,68.0
2024-09-10T02:12:44.017541,120.0,133.0,68.0
2024-09-10T02:12:45.253547,122.0,125.0,68.0
2024-09-10T02:12:45.516088,126.0,127.0,68.0
2024-09-10T02:12:45.760576,129.0,127.0,68.0
2024-09-10T02:12:46.009475,129.0,127.0,68.0
2024-09-10T02:12:46.277559,128.0,127.0,68.0
2024-09-10T02:12:46.513286,121.0,99.0,68.0
2024-09-10T02:12:47.499817,122.0,132.0,68.0
2024-09-10T02:12:47.767525,123.0,132.0,68.0
2024-09-10T02:12:47.987450,124.0,132.0,68.0
2024-09-10T02:12:48.238545,125.0,128.0,68.0
2024-09-10T02:12:48.487819,125.0,128.0,68.0
2024-09-10T02:12:48.735352,125.0,128.0,68.0
2024-09-10T02:12:49.756572,125.0,128.0,68.0
2024-09-10T02:12:50.005798,128.0,115.0,69.0
2024-09-10T02:12:50.254532,124.0,115.0,69.0
2024-09-10T02:12:50.505970,121.0,115.0,69.0
2024-09-10T02:12:50.756203,116.0,106.0,68.0
2024-09-10T02:12:51.002422,116.0,106.0,68.0
2024-09-10T02:12:52.251914,116.0,106.0,68.0
2024-09-10T02:12:52.502360,121.0,156.0,69.0
2024-09-10T02:12:52.750472,130.0,156.0,69.0
2024-09-10T02:12:53.000101,138.0,156.0,69.0
2024-09-10T02:12:53.248889,136.0,106.0,69.0
2024-09-10T02:12:53.500198,136.0,106.0,69.0
2024-09-10T02:12:54.502303,142.0,137.0,69.0
2024-09-10T02:12:54.746804,142.0,137.0,69.0
2024-09-10T02:12:55.004116,136.0,123.0,69.0
2024-09-10T02:12:55.248137,129.0,123.0,69.0
2024-09-10T02:12:55.498528,122.0,123.0,69.0
2024-09-10T02:12:55.748548,126.0,122.0,69.0
2024-09-10T02:12:56.746513,122.0,120.0,69.0
2024-09-10T02:12:57.001218,122.0,120.0,69.0
2024-09-10T02:12:57.499752,124.0,136.0,70.0
2024-09-10T02:12:57.754592,127.0,136.0,70.0
2024-09-10T02:12:58.001109,130.0,136.0,70.0
2024-09-10T02:12:59.242110,133.0,137.0,70.0
2024-09-10T02:12:59.493539,136.0,137.0,70.0
2024-09-10T02:12:59.744050,136.0,137.0,70.0
2024-09-10T02:12:59.993464,136.0,135.0,70.0
2024-09-10T02:13:00.240076,136.0,135.0,70.0
2024-09-10T02:13:00.493752,136.0,135.0,70.0
2024-09-10T02:13:01.489510,132.0,118.0,70.0
2024-09-10T02:13:01.739114,128.0,118.0,70.0
2024-09-10T02:13:01.988130,125.0,118.0,70.0
2024-09-10T02:13:02.240240,125.0,118.0,70.0
2024-09-10T02:13:02.488065,129.0,158.0,70.0
2024-09-10T02:13:02.741725,134.0,158.0,70.0
2024-09-10T02:13:03.989923,141.0,154.0,71.0
2024-09-10T02:13:04.247320,148.0,154.0,71.0
2024-09-10T02:13:04.487856,156.0,154.0,71.0
2024-09-10T02:13:05.009304,150.0,130.0,71.0
2024-09-10T02:13:06.217898,140.0,109.0,71.0
2024-09-10T02:13:06.481774,133.0,118.0,71.0
2024-09-10T02:13:06.714394,133.0,118.0,71.0
2024-09-10T02:13:06.983965,126.0,118.0,71.0
2024-09-10T02:13:07.233591,119.0,118.0,71.0
2024-09-10T02:13:08.481788,117.0,123.0,71.0
2024-09-10T02:13:08.735519,120.0,123.0,71.0
2024-09-10T02:13:08.984641,124.0,137.0,72.0
2024-09-10T02:13:09.229842,124.0,137.0,72.0
2024-09-10T02:13:09.483093,128.0,137.0,72.0
2024-09-10T02:13:09.729140,131.0,135.0,72.0
2024-09-10T02:13:10.981730,138.0,156.0,72.0
2024-09-10T02:13:11.228132,144.0,156.0,72.0
2024-09-10T02:13:11.476658,143.0,132.0,72.0
2024-09-10T02:13:11.729247,143.0,132.0,72.0
2024-09-10T02:13:11.976350,143.0,132.0,72.0
2024-09-10T02:13:13.223125,139.0,118.0,72.0
2024-09-10T02:13:13.475924,136.0,118.0,72.0
2024-09-10T02:13:13.725919,132.0,138.0,72.0
2024-09-10T02:13:13.975522,129.0,138.0,72.0
2024-09-10T02:13:14.223338,129.0,138.0,72.0
2024-09-10T02:13:14.476904,129.0,138.0,72.0
2024-09-10T02:13:15.471916,129.0,138.0,72.0
2024-09-10T02:13:15.725528,131.0,144.0,73.0
2024-09-10T02:13:15.973592,136.0,144.0,73.0
2024-09-10T02:13:16.225839,138.0,127.0,73.0
2024-09-10T02:13:16.472067,136.0,127.0,73.0
2024-09-10T02:13:16.722931,136.0,127.0,73.0
2024-09-10T02:13:17.971197,136.0,127.0,73.0
2024-09-10T02:13:18.224220,131.0,112.0,73.0
2024-09-10T02:13:18.468858,124.0,112.0,73.0
2024-09-10T02:13:18.719339,118.0,113.0,74.0
2024-09-10T02:13:18.968394,115.0,113.0,74.0
2024-09-10T02:13:20.221724,115.0,123.0,74.0
2024-09-10T02:13:20.467782,115.0,123.0,74.0
2024-09-10T02:13:20.718387,117.0,123.0,74.0
2024-09-10T02:13:20.965752,117.0,111.0,74.0
2024-09-10T02:13:21.210923,116.0,111.0,74.0
2024-09-10T02:13:21.468350,116.0,111.0,74.0
2024-09-10T02:13:22.464712,113.0,107.0,74.0
2024-09-10T02:13:22.979587,113.0,107.0,74.0
2024-09-10T02:13:23.212549,109.0,107.0,74.0
2024-09-10T02:13:23.456270,113.0,129.0,74.0
2024-09-10T02:13:23.697304,117.0,129.0,74.0
2024-09-10T02:13:24.936248,123.0,141.0,75.0
2024-09-10T02:13:25.209817,129.0,141.0,75.0
2024-09-10T02:13:25.463560,129.0,141.0,75.0
2024-09-10T02:13:25.712289,133.0,126.0,75.0
2024-09-10T02:13:25.960149,133.0,126.0,75.0
2024-09-10T02:13:27.209710,134.0,136.0,75.0
2024-09-10T02:13:27.460135,133.0,136.0,75.0
2024-09-10T02:13:27.709407,132.0,136.0,75.0
2024-09-10T02:13:27.957893,132.0,136.0,75.0
2024-09-10T02:13:28.206800,135.0,142.0,75.0
2024-09-10T02:13:28.456347,138.0,142.0,75.0
2024-09-10T02:13:29.455712,133.0,108.0,75.0
2024-09-10T02:13:29.708345,132.0,131.0,75.0
2024-09-10T02:13:29.965051,132.0,131.0,75.0
2024-09-10T02:13:30.204152,131.0,131.0,75.0
2024-09-10T02:13:30.463772,124.0,110.0,75.0
2024-09-10T02:13:30.714095,118.0,110.0,75.0
2024-09-10T02:13:31.958888,123.0,134.0,75.0
2024-09-10T02:13:32.201845,124.0,134.0,75.0
2024-09-10T02:13:32.453098,124.0,134.0,75.0
2024-09-10T02:13:32.701310,127.0,149.0,75.0
2024-09-10T02:13:32.962445,135.0,149.0,75.0
2024-09-10T02:13:34.201988,141.0,138.0,76.0
2024-09-10T02:13:34.449812,142.0,138.0,76.0
2024-09-10T02:13:34.699229,142.0,138.0,76.0
2024-09-10T02:13:34.948935,142.0,138.0,76.0
2024-09-10T02:13:35.200377,142.0,138.0,76.0
2024-09-10T02:13:35.449837,140.0,135.0,76.0
2024-09-10T02:13:36.447874,129.0,97.0,76.0
2024-09-10T02:13:36.703503,121.0,97.0,76.0
2024-09-10T02:13:36.948356,113.0,97.0,76.0
2024-09-10T02:13:37.197679,113.0,138.0,76.0
2024-09-10T02:13:37.451009,113.0,138.0,76.0
2024-09-10T02:13:37.696163,113.0,138.0,76.0
2024-09-10T02:13:38.939383,115.0,148.0,77.0
2024-09-10T02:13:39.196959,126.0,148.0,77.0
2024-09-10T02:13:39.443652,136.0,148.0,77.0
2024-09-10T02:13:39.698464,145.0,143.0,77.0
2024-09-10T02:13:39.945182,145.0,143.0,77.0
2024-09-10T02:13:41.211536,145.0,143.0,77.0
2024-09-10T02:13:41.435228,147.0,149.0,77.0
2024-09-10T02:13:41.705318,147.0,149.0,77.0
2024-09-10T02:13:41.941557,144.0,129.0,77.0
2024-09-10T02:13:42.190360,140.0,129.0,77.0
2024-09-10T02:13:42.419853,140.0,129.0,77.0
2024-09-10T02:13:43.438227,140.0,146.0,78.0
2024-09-10T02:13:43.690921,140.0,146.0,78.0
2024-09-10T02:13:43.934166,140.0,146.0,78.0
2024-09-10T02:13:44.190507,134.0,119.0,78.0
2024-09-10T02:13:44.438458,132.0,119.0,78.0
2024-09-10T02:13:44.692173,130.0,119.0,78.0
2024-09-10T02:13:45.932054,131.0,150.0,78.0
2024-09-10T02:13:46.184954,131.0,150.0,78.0
2024-09-10T02:13:46.439090,126.0,121.0,78.0
2024-09-10T02:13:46.686955,126.0,121.0,78.0
2024-09-10T02:13:46.935710,126.0,121.0,78.0
2024-09-10T02:13:48.183081,133.0,154.0,79.0
2024-09-10T02:13:48.435843,134.0,154.0,79.0
2024-09-10T02:13:48.684460,134.0,154.0,79.0
2024-09-10T02:13:48.932266,141.0,153.0,79.0
2024-09-10T02:13:49.183499,143.0,131.0,79.0
2024-09-10T02:13:49.433830,145.0,131.0,79.0
2024-09-10T02:13:50.430377,135.0,108.0,79.0
2024-09-10T02:13:50.684148,130.0,129.0,79.0
2024-09-10T02:13:50.937649,126.0,129.0,79.0
2024-09-10T02:13:51.184764,126.0,129.0,79.0
2024-09-10T02:13:51.428573,120.0,105.0,79.0
2024-09-10T02:13:51.684286,115.0,105.0,79.0
2024-09-10T02:13:52.927883,121.0,135.0,79.0
2024-09-10T02:13:53.176873,121.0,135.0,79.0
2024-09-10T02:13:53.428832,122.0,135.0,79.0
2024-09-10T02:13:53.663984,121.0,125.0,79.0
2024-09-10T02:13:53.904707,125.0,125.0,79.0
2024-09-10T02:13:55.175311,133.0,145.0,79.0
2024-09-10T02:13:55.428144,135.0,145.0,79.0
2024-09-10T02:13:55.679296,135.0,145.0,79.0
2024-09-10T02:13:55.925236,135.0,136.0,79.0
2024-09-10T02:13:56.173501,137.0,136.0,79.0
2024-09-10T02:13:56.426230,140.0,136.0,79.0
2024-09-10T02:13:57.424832,138.0,139.0,80.0
2024-09-10T02:13:57.680139,137.0,139.0,80.0
2024-09-10T02:13:57.922516,138.0,139.0,80.0
2024-09-10T02:13:58.174250,138.0,139.0,80.0
2024-09-10T02:13:58.430811,138.0,139.0,80.0
2024-09-10T02:13:58.698413,136.0,126.0,80.0
2024-09-10T02:13:58.927655,137.0,140.0,80.0
2024-09-10T02:13:59.929742,140.0,155.0,80.0
2024-09-10T02:14:00.161788,143.0,155.0,80.0
2024-09-10T02:14:00.421395,147.0,158.0,80.0
2024-09-10T02:14:00.670264,147.0,158.0,80.0
2024-09-10T02:14:00.917951,147.0,158.0,80.0
2024-09-10T02:14:02.172236,154.0,162.0,81.0
2024-09-10T02:14:02.417274,160.0,168.0,81.0
2024-09-10T02:14:02.666525,162.0,168.0,81.0
2024-09-10T02:14:02.916821,165.0,168.0,81.0
2024-09-10T02:14:03.166872,165.0,168.0,81.0
2024-09-10T02:14:03.418060,165.0,168.0,81.0
2024-09-10T02:14:04.417539,165.0,168.0,81.0
2024-09-10T02:14:04.663161,163.0,149.0,81.0
2024-09-10T02:14:04.916065,160.0,149.0,81.0
2024-09-10T02:14:05.161654,157.0,149.0,81.0
2024-09-10T02:14:05.414209,152.0,144.0,81.0
2024-09-10T02:14:05.664199,152.0,144.0,81.0
2024-09-10T02:14:06.910731,152.0,144.0,81.0
2024-09-10T02:14:07.162939,145.0,132.0,82.0
2024-09-10T02:14:07.412341,141.0,132.0,82.0
2024-09-10T02:14:07.662062,137.0,130.0,82.0
2024-09-10T02:14:07.910811,134.0,130.0,82.0
2024-09-10T02:14:08.161559,134.0,130.0,82.0
2024-09-10T02:14:09.162168,136.0,154.0,82.0
2024-09-10T02:14:09.411042,136.0,154.0,82.0
2024-09-10T02:14:09.657400,139.0,150.0,82.0
2024-09-10T02:14:09.909026,143.0,150.0,82.0
2024-09-10T02:14:10.156418,147.0,150.0,82.0
2024-09-10T02:14:10.406906,146.0,124.0,82.0
2024-09-10T02:14:11.407623,143.0,139.0,82.0
2024-09-10T02:14:11.655741,140.0,139.0,82.0
2024-09-10T02:14:11.905469,140.0,139.0,82.0
2024-09-10T02:14:12.155535,141.0,153.0,83.0
2024-09-10T02:14:12.406492,150.0,196.0,83.0
2024-09-10T02:14:12.655845,165.0,196.0,83.0
2024-09-10T02:14:13.908796,169.0,162.0,83.0
2024-09-10T02:14:14.161290,174.0,162.0,83.0
2024-09-10T02:14:14.409525,174.0,162.0,83.0
2024-09-10T02:14:14.652639,179.0,181.0,83.0
2024-09-10T02:14:14.902599,176.0,181.0,83.0
2024-09-10T02:14:15.158796,173.0,181.0,83.0
2024-09-10T02:14:16.154841,174.0,167.0,84.0
2024-09-10T02:14:16.405438,174.0,167.0,84.0
2024-09-10T02:14:16.915196,176.0,170.0,84.0
2024-09-10T02:14:17.152954,174.0,170.0,84.0
2024-09-10T02:14:17.410820,171.0,169.0,84.0
2024-09-10T02:14:18.380004,162.0,136.0,83.0
2024-09-10T02:14:18.661359,156.0,136.0,83.0
2024-09-10T02:14:18.891087,156.0,136.0,83.0
2024-09-10T02:14:19.147209,155.0,165.0,84.0
2024-09-10T02:14:19.395721,158.0,184.0,84.0
2024-09-10T02:14:19.645880,161.0,184.0,84.0
2024-09-10T02:14:20.895023,164.0,151.0,84.0
2024-09-10T02:14:21.145777,167.0,151.0,84.0
2024-09-10T02:14:21.395258,167.0,151.0,84.0
2024-09-10T02:14:21.642049,167.0,151.0,84.0
2024-09-10T02:14:21.896309,169.0,177.0,84.0
2024-09-10T02:14:22.144376,168.0,177.0,84.0
2024-09-10T02:14:23.144799,168.0,182.0,84.0
2024-09-10T02:14:23.390959,174.0,182.0,84.0
2024-09-10T02:14:23.643213,183.0,195.0,84.0
2024-09-10T02:14:23.890734,183.0,195.0,84.0
2024-09-10T02:14:24.131571,183.0,195.0,84.0
2024-09-10T02:14:24.390107,183.0,178.0,84.0
2024-09-10T02:14:25.392060,188.0,203.0,85.0
2024-09-10T02:14:25.640262,192.0,203.0,85.0
2024-09-10T02:14:25.891086,194.0,191.0,85.0
2024-09-10T02:14:26.134171,193.0,191.0,85.0
2024-09-10T02:14:26.636466,193.0,191.0,85.0
2024-09-10T02:14:27.903182,192.0,171.0,85.0
2024-09-10T02:14:28.140053,185.0,171.0,85.0
2024-09-10T02:14:28.389702,179.0,171.0,85.0
2024-09-10T02:14:28.637539,176.0,178.0,85.0
2024-09-10T02:14:28.887050,176.0,178.0,85.0
2024-09-10T02:14:29.136756,176.0,178.0,85.0
2024-09-10T02:14:30.133487,176.0,178.0,85.0
2024-09-10T02:14:30.382103,178.0,201.0,85.0
2024-09-10T02:14:30.634600,182.0,189.0,85.0
2024-09-10T02:14:30.881935,186.0,189.0,85.0
2024-09-10T02:14:31.133780,189.0,189.0,85.0
2024-09-10T02:14:31.382352,189.0,189.0,85.0
2024-09-10T02:14:32.380419,188.0,173.0,85.0
2024-09-10T02:14:32.629153,188.0,173.0,85.0
2024-09-10T02:14:32.876336,188.0,200.0,85.0
2024-09-10T02:14:33.131406,190.0,200.0,85.0
2024-09-10T02:14:33.382953,189.0,183.0,86.0
2024-09-10T02:14:33.629882,188.0,183.0,86.0
2024-09-10T02:14:34.877362,190.0,185.0,86.0
2024-09-10T02:14:35.126458,190.0,185.0,86.0
2024-09-10T02:14:35.384155,191.0,206.0,86.0
2024-09-10T02:14:35.645247,193.0,206.0,86.0
2024-09-10T02:14:35.864476,197.0,206.0,86.0
2024-09-10T02:14:37.123254,199.0,190.0,86.0
2024-09-10T02:14:37.376245,202.0,203.0,86.0
2024-09-10T02:14:37.625813,202.0,203.0,86.0
2024-09-10T02:14:37.874690,202.0,203.0,86.0
2024-09-10T02:14:38.130962,203.0,213.0,86.0
2024-09-10T02:14:38.379708,204.0,213.0,86.0
2024-09-10T02:14:39.372197,207.0,203.0,87.0
2024-09-10T02:14:39.621279,207.0,203.0,87.0
2024-09-10T02:14:39.871235,207.0,203.0,87.0
2024-09-10T02:14:40.122339,200.0,170.0,86.0
2024-09-10T02:14:40.624110,192.0,170.0,86.0
2024-09-10T02:14:41.867968,182.0,162.0,87.0
2024-09-10T02:14:42.117154,182.0,162.0,87.0
2024-09-10T02:14:42.368504,187.0,228.0,87.0
2024-09-10T02:14:42.616524,192.0,228.0,87.0
2024-09-10T02:14:42.867591,193.0,178.0,87.0
2024-09-10T02:14:44.115222,197.0,190.0,87.0
2024-09-10T02:14:44.367657,203.0,190.0,87.0
2024-09-10T02:14:44.616282,203.0,190.0,87.0
2024-09-10T02:14:44.866139,203.0,190.0,87.0
2024-09-10T02:14:45.115213,193.0,181.0,88.0
2024-09-10T02:14:45.364206,184.0,181.0,88.0
2024-09-10T02:14:46.363783,187.0,191.0,88.0
2024-09-10T02:14:46.614884,187.0,191.0,88.0
2024-09-10T02:14:46.862601,193.0,221.0,88.0
2024-09-10T02:14:47.115199,193.0,221.0,88.0
2024-09-10T02:14:47.361531,193.0,221.0,88.0
2024-09-10T02:14:47.615286,201.0,220.0,88.0
2024-09-10T02:14:48.861374,199.0,173.0,88.0
2024-09-10T02:14:49.110518,196.0,173.0,88.0
2024-09-10T02:14:49.361283,192.0,173.0,88.0
2024-09-10T02:14:49.609046,192.0,173.0,88.0
2024-09-10T02:14:49.861151,192.0,173.0,88.0
2024-09-10T02:14:50.109164,187.0,198.0,88.0
2024-09-10T02:14:51.104060,185.0,209.0,88.0
2024-09-10T02:14:51.353297,192.0,209.0,88.0
2024-09-10T02:14:51.609739,193.0,178.0,88.0
2024-09-10T02:14:51.862033,194.0,178.0,88.0
2024-09-10T02:14:52.104370,194.0,178.0,88.0
2024-09-10T02:14:52.356729,194.0,178.0,88.0
2024-09-10T02:14:53.352296,194.0,178.0,88.0
2024-09-10T02:14:53.610062,195.0,199.0,89.0
2024-09-10T02:14:53.842067,193.0,199.0,89.0
2024-09-10T02:14:54.096810,189.0,192.0,89.0
2024-09-10T02:14:54.336812,192.0,192.0,89.0
2024-09-10T02:14:54.605232,192.0,192.0,89.0
2024-09-10T02:14:55.857554,192.0,192.0,89.0
2024-09-10T02:14:56.104136,189.0,165.0,89.0
2024-09-10T02:14:56.352587,183.0,165.0,89.0
2024-09-10T02:14:56.603795,176.0,165.0,89.0
2024-09-10T02:14:56.850404,174.0,185.0,89.0
2024-09-10T02:14:58.099541,171.0,177.0,89.0
2024-09-10T02:14:58.355736,171.0,177.0,89.0
2024-09-10T02:14:58.598041,174.0,177.0,89.0
2024-09-10T02:14:58.847840,179.0,193.0,89.0
2024-09-10T02:14:59.096337,185.0,193.0,89.0
2024-09-10T02:14:59.349262,181.0,165.0,89.0
2024-09-10T02:15:00.348373,187.0,205.0,90.0
2024-09-10T02:15:00.596142,192.0,205.0,90.0
2024-09-10T02:15:00.845079,192.0,205.0,90.0
2024-09-10T02:15:01.096791,193.0,197.0,89.0
2024-09-10T02:15:01.346762,188.0,166.0,89.0
2024-09-10T02:15:01.601080,188.0,166.0,89.0
2024-09-10T02:15:02.842088,188.0,166.0,89.0
2024-09-10T02:15:03.096274,186.0,198.0,89.0
2024-09-10T02:15:03.344942,184.0,191.0,90.0
2024-09-10T02:15:03.593475,182.0,191.0,90.0
2024-09-10T02:15:03.847222,187.0,191.0,90.0
2024-09-10T02:15:05.090054,195.0,202.0,90.0
2024-09-10T02:15:05.590762,190.0,177.0,90.0
2024-09-10T02:15:05.838927,188.0,177.0,90.0
2024-09-10T02:15:06.088311,175.0,130.0,89.0
2024-09-10T02:15:06.344133,163.0,130.0,89.0
2024-09-10T02:15:07.342421,162.0,196.0,90.0
2024-09-10T02:15:07.587045,166.0,196.0,90.0
2024-09-10T02:15:08.094097,166.0,196.0,90.0
2024-09-10T02:15:08.343812,175.0,222.0,90.0
2024-09-10T02:15:08.588918,186.0,187.0,90.0
2024-09-10T02:15:09.834350,195.0,176.0,90.0
2024-09-10T02:15:10.097277,191.0,176.0,90.0
2024-09-10T02:15:10.345311,191.0,176.0,90.0
2024-09-10T02:15:10.861483,193.0,202.0,90.0
2024-09-10T02:15:12.066948,186.0,191.0,90.0
2024-09-10T02:15:12.333400,187.0,191.0,90.0
2024-09-10T02:15:12.558286,185.0,166.0,90.0
2024-09-10T02:15:12.831230,185.0,166.0,90.0
2024-09-10T02:15:13.055613,185.0,166.0,90.0
2024-09-10T02:15:14.330918,189.0,193.0,90.0
2024-09-10T02:15:14.578342,187.0,193.0,90.0
2024-09-10T02:15:14.828114,187.0,193.0,90.0
2024-09-10T02:15:15.077238,187.0,191.0,91.0
2024-09-10T02:15:15.328430,187.0,191.0,91.0
2024-09-10T02:15:15.576689,187.0,191.0,91.0
2024-09-10T02:15:16.575624,187.0,191.0,91.0
2024-09-10T02:15:16.828137,188.0,169.0,91.0
2024-09-10T02:15:17.074921,189.0,201.0,91.0
2024-09-10T02:15:17.325756,191.0,201.0,91.0
2024-09-10T02:15:17.576130,193.0,202.0,91.0
2024-09-10T02:15:17.805868,193.0,202.0,91.0
2024-09-10T02:15:18.824153,192.0,189.0,91.0
2024-09-10T02:15:19.074160,192.0,189.0,91.0
2024-09-10T02:15:19.327564,189.0,152.0,91.0
2024-09-10T02:15:19.576985,186.0,184.0,91.0
2024-09-10T02:15:19.827186,182.0,184.0,91.0
2024-09-10T02:15:20.077172,179.0,184.0,91.0
2024-09-10T02:15:21.075757,178.0,188.0,91.0
2024-09-10T02:15:21.320871,186.0,188.0,91.0
2024-09-10T02:15:21.571702,186.0,188.0,91.0
2024-09-10T02:15:21.819392,186.0,188.0,91.0
2024-09-10T02:15:22.079152,181.0,155.0,91.0
2024-09-10T02:15:22.324244,175.0,155.0,91.0
2024-09-10T02:15:23.316872,173.0,179.0,92.0
2024-09-10T02:15:23.567472,166.0,152.0,92.0
2024-09-10T02:15:23.817918,159.0,152.0,92.0
2024-09-10T02:15:24.068362,159.0,152.0,92.0
2024-09-10T02:15:24.318321,160.0,163.0,91.0
2024-09-10T02:15:24.569422,162.0,163.0,91.0
2024-09-10T02:15:25.563388,158.0,161.0,91.0
2024-09-10T02:15:25.813718,160.0,161.0,91.0
2024-09-10T02:15:26.063737,160.0,161.0,91.0
2024-09-10T02:15:26.312081,160.0,153.0,91.0
2024-09-10T02:15:26.563614,163.0,179.0,92.0
2024-09-10T02:15:26.814864,167.0,179.0,92.0
2024-09-10T02:15:27.813348,174.0,200.0,92.0
2024-09-10T02:15:28.061904,182.0,200.0,92.0
2024-09-10T02:15:28.317516,192.0,200.0,92.0
2024-09-10T02:15:28.559778,192.0,200.0,92.0
2024-09-10T02:15:28.833165,190.0,171.0,92.0
2024-09-10T02:15:29.060667,188.0,171.0,92.0
2024-09-10T02:15:30.045094,185.0,184.0,92.0
2024-09-10T02:15:30.291637,182.0,184.0,92.0
2024-09-10T02:15:30.557400,179.0,187.0,92.0
2024-09-10T02:15:30.806860,183.0,187.0,92.0
2024-09-10T02:15:31.059933,183.0,187.0,92.0
2024-09-10T02:15:31.307840,183.0,187.0,92.0
2024-09-10T02:15:32.554299,184.0,180.0,93.0
2024-09-10T02:15:32.807617,184.0,180.0,93.0
2024-09-10T02:15:33.055740,177.0,152.0,92.0
2024-09-10T02:15:33.307667,170.0,152.0,92.0
2024-09-10T02:15:33.553629,170.0,152.0,92.0
2024-09-10T02:15:34.801294,170.0,152.0,92.0
2024-09-10T02:15:35.053136,171.0,191.0,92.0
2024-09-10T02:15:35.303941,173.0,191.0,92.0
2024-09-10T02:15:35.554105,166.0,146.0,92.0
2024-09-10T02:15:35.800634,165.0,146.0,92.0
2024-09-10T02:15:37.047561,167.0,163.0,93.0
2024-09-10T02:15:37.298618,167.0,163.0,93.0
2024-09-10T02:15:37.548420,163.0,168.0,93.0
2024-09-10T02:15:37.798463,158.0,168.0,93.0
2024-09-10T02:15:38.047792,159.0,149.0,93.0
2024-09-10T02:15:39.296493,167.0,189.0,93.0
2024-09-10T02:15:39.547701,173.0,189.0,93.0
2024-09-10T02:15:39.801444,173.0,189.0,93.0
2024-09-10T02:15:40.056700,174.0,176.0,93.0
2024-09-10T02:15:40.294174,176.0,176.0,93.0
2024-09-10T02:15:41.541409,182.0,179.0,93.0
2024-09-10T02:15:41.798272,179.0,177.0,93.0
2024-09-10T02:15:42.045385,177.0,177.0,93.0
2024-09-10T02:15:42.291718,177.0,177.0,93.0
2024-09-10T02:15:42.542174,181.0,198.0,93.0
2024-09-10T02:15:42.792219,186.0,198.0,93.0
2024-09-10T02:15:43.794927,186.0,198.0,93.0
2024-09-10T02:15:44.040329,183.0,167.0,93.0
2024-09-10T02:15:44.295024,184.0,179.0,93.0
2024-09-10T02:15:44.545722,184.0,179.0,93.0
2024-09-10T02:15:44.787458,184.0,179.0,93.0
2024-09-10T02:15:45.038024,176.0,159.0,93.0
2024-09-10T02:15:46.039872,176.0,159.0,93.0
2024-09-10T02:15:46.288480,176.0,159.0,93.0
2024-09-10T02:15:46.532125,163.0,129.0,93.0
2024-09-10T02:15:47.019964,163.0,167.0,93.0
2024-09-10T02:15:47.283295,163.0,167.0,93.0
2024-09-10T02:15:48.539584,163.0,167.0,93.0
2024-09-10T02:15:48.761244,158.0,157.0,93.0
2024-09-10T02:15:49.012438,154.0,157.0,93.0
2024-09-10T02:15:49.284605,154.0,157.0,93.0
2024-09-10T02:15:49.535553,156.0,171.0,93.0
2024-09-10T02:15:50.780134,167.0,184.0,93.0
2024-09-10T02:15:51.033514,171.0,184.0,93.0
2024-09-10T02:15:51.291527,179.0,197.0,93.0
2024-09-10T02:15:51.537271,187.0,197.0,93.0
2024-09-10T02:15:51.780131,187.0,197.0,93.0
2024-09-10T02:15:53.027505,187.0,197.0,93.0
2024-09-10T02:15:53.278517,188.0,179.0,93.0
2024-09-10T02:15:53.528707,187.0,179.0,93.0
2024-09-10T02:15:53.778236,187.0,184.0,93.0
2024-09-10T02:15:54.031815,185.0,184.0,93.0
2024-09-10T02:15:55.281474,177.0,159.0,93.0
2024-09-10T02:15:55.529221,177.0,159.0,93.0
2024-09-10T02:15:55.776253,171.0,147.0,93.0
2024-09-10T02:15:56.023937,164.0,147.0,93.0
2024-09-10T02:15:56.276226,165.0,189.0,93.0
2024-09-10T02:15:56.522295,166.0,189.0,93.0
2024-09-10T02:15:57.522398,169.0,174.0,93.0
2024-09-10T02:15:57.770648,175.0,174.0,93.0
2024-09-10T02:15:58.025927,175.0,174.0,93.0
2024-09-10T02:15:58.271626,179.0,168.0,93.0
2024-09-10T02:15:58.523542,175.0,168.0,93.0
2024-09-10T02:15:58.773430,165.0,142.0,93.0
2024-09-10T02:15:59.768461,159.0,145.0,93.0
2024-09-10T02:16:00.019504,155.0,153.0,93.0
2024-09-10T02:16:00.272266,152.0,153.0,93.0
2024-09-10T02:16:00.517343,152.0,153.0,93.0
2024-09-10T02:16:00.768487,150.0,157.0,93.0
2024-09-10T02:16:01.018010,153.0,157.0,93.0
2024-09-10T02:16:02.016446,153.0,157.0,93.0
2024-09-10T02:16:02.266289,153.0,144.0,93.0
2024-09-10T02:16:02.518748,151.0,144.0,93.0
2024-09-10T02:16:02.766564,153.0,161.0,93.0
2024-09-10T02:16:03.014112,153.0,161.0,93.0
2024-09-10T02:16:03.267142,156.0,174.0,93.0
2024-09-10T02:16:04.267064,156.0,174.0,93.0
2024-09-10T02:16:04.524515,156.0,174.0,93.0
2024-09-10T02:16:04.763951,149.0,120.0,93.0
2024-09-10T02:16:05.268804,143.0,117.0,93.0
2024-09-10T02:16:05.504655,143.0,117.0,93.0
2024-09-10T02:16:06.496231,144.0,148.0,93.0
2024-09-10T02:16:06.759832,144.0,148.0,93.0
2024-09-10T02:16:07.002493,144.0,148.0,93.0
2024-09-10T02:16:07.261694,138.0,133.0,93.0
2024-09-10T02:16:07.512253,130.0,133.0,93.0
2024-09-10T02:16:07.759301,133.0,136.0,92.0
2024-09-10T02:16:08.763087,144.0,168.0,93.0
2024-09-10T02:16:09.009404,143.0,144.0,93.0
2024-09-10T02:16:09.258432,143.0,144.0,93.0
2024-09-10T02:16:09.506983,143.0,144.0,93.0
2024-09-10T02:16:09.755118,142.0,130.0,94.0
2024-09-10T02:16:10.007836,142.0,130.0,94.0
2024-09-10T02:16:11.004391,156.0,206.0,93.0
2024-09-10T02:16:11.257360,163.0,206.0,93.0
2024-09-10T02:16:11.503554,173.0,193.0,86.0
2024-09-10T02:16:11.761656,173.0,193.0,86.0
2024-09-10T02:16:12.005234,186.0,193.0,86.0
2024-09-10T02:16:12.256108,193.0,169.0,84.0
2024-09-10T02:16:13.501236,189.0,186.0,84.0
2024-09-10T02:16:13.749773,189.0,186.0,84.0
2024-09-10T02:16:14.004241,185.0,186.0,84.0
2024-09-10T02:16:14.255381,190.0,218.0,84.0
2024-09-10T02:16:14.500898,195.0,218.0,84.0
2024-09-10T02:16:15.748917,197.0,178.0,84.0
2024-09-10T02:16:15.996490,196.0,178.0,84.0
2024-09-10T02:16:16.247441,196.0,178.0,84.0
2024-09-10T02:16:16.495918,200.0,207.0,84.0
2024-09-10T02:16:16.749461,198.0,207.0,84.0
2024-09-10T02:16:17.995278,190.0,181.0,84.0
2024-09-10T02:16:18.247605,191.0,181.0,84.0
2024-09-10T02:16:18.498226,193.0,187.0,84.0
2024-09-10T02:16:18.744287,193.0,187.0,84.0
2024-09-10T02:16:19.001280,189.0,187.0,84.0
2024-09-10T02:16:20.243454,189.0,187.0,84.0
2024-09-10T02:16:20.497045,176.0,144.0,83.0
2024-09-10T02:16:20.725270,169.0,144.0,83.0
2024-09-10T02:16:20.974122,161.0,144.0,83.0
2024-09-10T02:16:21.230304,161.0,144.0,83.0
2024-09-10T02:16:21.474460,162.0,193.0,84.0
2024-09-10T02:16:22.494296,162.0,193.0,84.0
2024-09-10T02:16:22.755781,162.0,193.0,84.0
2024-09-10T02:16:23.274352,163.0,190.0,85.0
2024-09-10T02:16:23.480804,172.0,190.0,85.0
2024-09-10T02:16:23.756752,172.0,190.0,85.0
2024-09-10T02:16:24.976715,172.0,190.0,85.0
2024-09-10T02:16:25.241344,172.0,190.0,85.0
2024-09-10T02:16:25.486007,180.0,185.0,84.0
2024-09-10T02:16:25.736887,189.0,185.0,84.0
2024-09-10T02:16:25.996804,188.0,188.0,84.0
2024-09-10T02:16:27.240338,188.0,194.0,84.0
2024-09-10T02:16:27.483809,188.0,194.0,84.0
2024-09-10T02:16:27.732553,188.0,194.0,84.0
2024-09-10T02:16:27.987647,189.0,192.0,84.0
2024-09-10T02:16:28.233592,191.0,198.0,85.0
2024-09-10T02:16:28.485939,194.0,198.0,85.0
2024-09-10T02:16:29.482965,193.0,185.0,84.0
2024-09-10T02:16:29.730105,192.0,185.0,84.0
2024-09-10T02:16:29.980470,192.0,185.0,84.0
2024-09-10T02:16:30.233237,192.0,185.0,84.0
2024-09-10T02:16:30.485327,192.0,194.0,84.0
2024-09-10T02:16:30.730904,191.0,194.0,84.0
2024-09-10T02:16:31.977521,191.0,199.0,84.0
2024-09-10T02:16:32.231178,194.0,199.0,84.0
2024-09-10T02:16:32.478280,194.0,199.0,84.0
2024-09-10T02:16:32.728772,194.0,199.0,84.0
2024-09-10T02:16:32.978398,195.0,190.0,84.0
2024-09-10T02:16:34.226163,193.0,185.0,84.0
2024-09-10T02:16:34.473254,189.0,170.0,84.0
2024-09-10T02:16:34.727502,183.0,170.0,84.0
2024-09-10T02:16:34.982840,183.0,170.0,84.0
2024-09-10T02:16:35.226218,180.0,187.0,84.0
2024-09-10T02:16:35.475250,180.0,187.0,84.0
2024-09-10T02:16:36.478096,183.0,200.0,84.0
2024-09-10T02:16:36.722658,189.0,200.0,84.0
2024-09-10T02:16:36.972229,189.0,200.0,84.0
2024-09-10T02:16:37.221571,195.0,200.0,84.0
2024-09-10T02:16:37.472172,197.0,200.0,84.0
2024-09-10T02:16:37.737537,200.0,200.0,84.0
2024-09-10T02:16:38.969863,198.0,189.0,84.0
2024-09-10T02:16:39.220500,197.0,196.0,84.0
2024-09-10T02:16:39.470232,197.0,196.0,84.0
2024-09-10T02:16:39.723600,196.0,196.0,84.0
2024-09-10T02:16:39.968603,195.0,193.0,84.0
2024-09-10T02:16:41.218732,189.0,172.0,84.0
2024-09-10T02:16:41.488715,190.0,193.0,85.0
2024-09-10T02:16:41.706247,189.0,193.0,85.0
2024-09-10T02:16:41.976448,189.0,193.0,85.0
2024-09-10T02:16:42.205482,185.0,173.0,84.0
2024-09-10T02:16:42.463421,181.0,173.0,84.0
2024-09-10T02:16:43.466096,181.0,173.0,84.0
2024-09-10T02:16:43.720097,181.0,172.0,84.0
2024-09-10T02:16:43.966468,177.0,172.0,84.0
2024-09-10T02:16:44.220284,178.0,198.0,84.0
2024-09-10T02:16:44.466446,178.0,198.0,84.0
2024-09-10T02:16:44.715355,183.0,202.0,84.0
2024-09-10T02:16:45.963341,183.0,202.0,84.0
2024-09-10T02:16:46.211877,185.0,183.0,84.0
2024-09-10T02:16:46.460206,188.0,183.0,84.0
2024-09-10T02:16:46.710835,190.0,183.0,84.0
2024-09-10T02:16:46.962413,190.0,183.0,84.0
2024-09-10T02:16:48.208957,190.0,183.0,84.0
2024-09-10T02:16:48.458810,190.0,183.0,84.0
2024-09-10T02:16:48.707947,188.0,190.0,84.0
2024-09-10T02:16:48.958947,188.0,200.0,85.0
2024-09-10T02:16:49.207195,191.0,200.0,85.0
2024-09-10T02:16:49.458037,191.0,200.0,85.0
2024-09-10T02:16:50.454973,190.0,177.0,85.0
2024-09-10T02:16:50.705563,190.0,177.0,85.0
2024-09-10T02:16:50.957226,190.0,177.0,85.0
2024-09-10T02:16:51.212159,189.0,177.0,84.0
2024-09-10T02:16:51.460109,186.0,177.0,84.0
2024-09-10T02:16:51.706085,183.0,186.0,85.0
2024-09-10T02:16:52.953356,184.0,201.0,85.0
2024-09-10T02:16:53.201630,184.0,201.0,85.0
2024-09-10T02:16:53.451898,184.0,201.0,85.0
2024-09-10T02:16:53.702121,186.0,188.0,84.0
2024-09-10T02:16:53.955828,185.0,175.0,85.0
2024-09-10T02:16:55.200302,186.0,181.0,85.0
2024-09-10T02:16:55.451155,185.0,181.0,85.0
2024-09-10T02:16:55.703820,185.0,181.0,85.0
2024-09-10T02:16:55.946276,185.0,181.0,85.0
2024-09-10T02:16:56.203443,177.0,162.0,85.0
2024-09-10T02:16:56.456980,172.0,162.0,85.0
2024-09-10T02:16:57.442005,175.0,187.0,85.0
2024-09-10T02:16:57.701649,176.0,187.0,85.0
2024-09-10T02:16:57.937924,177.0,185.0,85.0
2024-09-10T02:16:58.203475,177.0,185.0,85.0
2024-09-10T02:16:58.449234,181.0,185.0,85.0
2024-09-10T02:16:58.700449,184.0,176.0,85.0
2024-09-10T02:16:59.953189,183.0,183.0,85.0
2024-09-10T02:17:00.177755,183.0,183.0,85.0
2024-09-10T02:17:00.426047,182.0,183.0,85.0
2024-09-10T02:17:00.677707,176.0,154.0,85.0
2024-09-10T02:17:00.922139,170.0,154.0,85.0
2024-09-10T02:17:02.192825,172.0,186.0,85.0
2024-09-10T02:17:02.445671,173.0,186.0,85.0
2024-09-10T02:17:02.691429,173.0,186.0,85.0
2024-09-10T02:17:02.943965,165.0,143.0,85.0
2024-09-10T02:17:03.190766,162.0,143.0,85.0
2024-09-10T02:17:03.442155,167.0,176.0,86.0
2024-09-10T02:17:04.444961,164.0,173.0,86.0
2024-09-10T02:17:04.690878,161.0,170.0,86.0
2024-09-10T02:17:04.941142,166.0,170.0,86.0
2024-09-10T02:17:05.187824,166.0,170.0,86.0
2024-09-10T02:17:05.436906,166.0,143.0,86.0
2024-09-10T02:17:05.688119,160.0,143.0,86.0
2024-09-10T02:17:06.938383,153.0,139.0,85.0
2024-09-10T02:17:07.188631,147.0,139.0,85.0
2024-09-10T02:17:07.436481,141.0,142.0,85.0
2024-09-10T02:17:07.684464,141.0,142.0,85.0
2024-09-10T02:17:07.938449,141.0,142.0,85.0
2024-09-10T02:17:09.183166,141.0,142.0,85.0
2024-09-10T02:17:09.435835,142.0,146.0,85.0
2024-09-10T02:17:09.683028,145.0,156.0,85.0
2024-09-10T02:17:09.934253,148.0,156.0,85.0
2024-09-10T02:17:10.185492,148.0,156.0,85.0
2024-09-10T02:17:10.432760,154.0,170.0,85.0
2024-09-10T02:17:11.680262,154.0,170.0,85.0
2024-09-10T02:17:11.934903,159.0,166.0,85.0
2024-09-10T02:17:12.182594,163.0,166.0,85.0
2024-09-10T02:17:12.430341,159.0,139.0,85.0
2024-09-10T02:17:12.680833,159.0,139.0,85.0
2024-09-10T02:17:13.926485,159.0,139.0,85.0
2024-09-10T02:17:14.177838,159.0,139.0,85.0
2024-09-10T02:17:14.429538,171.0,214.0,85.0
2024-09-10T02:17:14.677258,180.0,214.0,85.0
2024-09-10T02:17:14.929707,189.0,214.0,85.0
2024-09-10T02:17:16.177001,195.0,193.0,85.0
2024-09-10T02:17:16.426697,195.0,193.0,85.0
2024-09-10T02:17:16.675035,195.0,193.0,85.0
2024-09-10T02:17:17.192875,204.0,187.0,86.0
2024-09-10T02:17:17.425738,199.0,187.0,86.0
2024-09-10T02:17:18.408275,194.0,187.0,85.0
2024-09-10T02:17:18.670357,188.0,187.0,85.0
2024-09-10T02:17:18.901703,188.0,187.0,85.0
2024-09-10T02:17:19.171327,188.0,187.0,85.0
2024-09-10T02:17:19.424740,186.0,180.0,84.0
2024-09-10T02:17:19.677623,184.0,180.0,84.0
2024-09-10T02:17:20.670215,181.0,172.0,85.0
2024-09-10T02:17:20.919844,178.0,172.0,85.0
2024-09-10T02:17:21.172283,175.0,172.0,85.0
2024-09-10T02:17:21.419501,175.0,172.0,85.0
2024-09-10T02:17:21.669467,172.0,163.0,85.0
2024-09-10T02:17:21.920545,172.0,181.0,85.0
2024-09-10T02:17:23.168431,173.0,178.0,85.0
2024-09-10T02:17:23.417480,173.0,178.0,85.0
2024-09-10T02:17:23.664952,170.0,158.0,85.0
2024-09-10T02:17:23.915599,168.0,158.0,85.0
2024-09-10T02:17:24.166018,169.0,169.0,84.0
2024-09-10T02:17:24.417318,166.0,169.0,84.0
2024-09-10T02:17:25.413025,160.0,147.0,84.0
2024-09-10T02:17:25.664873,158.0,147.0,84.0
2024-09-10T02:17:25.912727,158.0,147.0,84.0
2024-09-10T02:17:26.165440,162.0,180.0,85.0
2024-09-10T02:17:26.414381,165.0,180.0,85.0
2024-09-10T02:17:26.667833,167.0,180.0,85.0
2024-09-10T02:17:27.659995,174.0,184.0,85.0
2024-09-10T02:17:27.911384,182.0,184.0,85.0
2024-09-10T02:17:28.159868,181.0,176.0,84.0
2024-09-10T02:17:28.409745,181.0,176.0,84.0
2024-09-10T02:17:28.659501,180.0,176.0,84.0
2024-09-10T02:17:28.908731,182.0,189.0,84.0
2024-09-10T02:17:30.157185,178.0,164.0,84.0
2024-09-10T02:17:30.409078,177.0,181.0,84.0
2024-09-10T02:17:30.659446,178.0,181.0,84.0
2024-09-10T02:17:30.908120,178.0,181.0,84.0
2024-09-10T02:17:31.156854,178.0,174.0,84.0
2024-09-10T02:17:31.413290,175.0,174.0,84.0
2024-09-10T02:17:32.406726,175.0,174.0,84.0
2024-09-10T02:17:32.660347,179.0,187.0,84.0
2024-09-10T02:17:32.906847,181.0,187.0,84.0
2024-09-10T02:17:33.148862,183.0,194.0,85.0
2024-09-10T02:17:33.399017,183.0,194.0,85.0
2024-09-10T02:17:33.660398,182.0,168.0,84.0
2024-09-10T02:17:35.168211,176.0,142.0,84.0
2024-09-10T02:17:35.400137,167.0,142.0,84.0
2024-09-10T02:17:35.643192,158.0,142.0,84.0
2024-09-10T02:17:35.888623,158.0,142.0,84.0
2024-09-10T02:17:37.135744,158.0,142.0,84.0
2024-09-10T02:17:37.400877,158.0,142.0,84.0
2024-09-10T02:17:37.899344,154.0,177.0,84.0
2024-09-10T02:17:38.144218,156.0,177.0,84.0
2024-09-10T02:17:39.398804,165.0,187.0,85.0
2024-09-10T02:17:39.646635,165.0,187.0,85.0
2024-09-10T02:17:39.895956,165.0,187.0,85.0
2024-09-10T02:17:40.144765,173.0,180.0,84.0
2024-09-10T02:17:40.396264,180.0,180.0,84.0
2024-09-10T02:17:41.644007,182.0,187.0,85.0
2024-09-10T02:17:41.893430,184.0,187.0,85.0
2024-09-10T02:17:42.142711,184.0,187.0,85.0
2024-09-10T02:17:42.394264,184.0,187.0,85.0
2024-09-10T02:17:42.641660,182.0,175.0,85.0
2024-09-10T02:17:43.895825,182.0,180.0,84.0
2024-09-10T02:17:44.135478,184.0,189.0,84.0
2024-09-10T02:17:44.389670,184.0,189.0,84.0
2024-09-10T02:17:44.638877,184.0,189.0,84.0
2024-09-10T02:17:44.889010,184.0,188.0,86.0
2024-09-10T02:17:46.138312,183.0,170.0,84.0
2024-09-10T02:17:46.387802,181.0,170.0,84.0
2024-09-10T02:17:46.637468,181.0,170.0,84.0
2024-09-10T02:17:46.890424,175.0,156.0,84.0
2024-09-10T02:17:47.136216,168.0,156.0,84.0
2024-09-10T02:17:47.391171,162.0,156.0,84.0
2024-09-10T02:17:48.384258,164.0,181.0,84.0
2024-09-10T02:17:48.633580,166.0,181.0,84.0
2024-09-10T02:17:48.884984,168.0,167.0,84.0
2024-09-10T02:17:49.135839,168.0,167.0,84.0
2024-09-10T02:17:49.390399,170.0,167.0,84.0
2024-09-10T02:17:49.635094,175.0,179.0,86.0
2024-09-10T02:17:50.632117,175.0,179.0,86.0
2024-09-10T02:17:50.882074,175.0,180.0,84.0
2024-09-10T02:17:51.130520,172.0,168.0,84.0
2024-09-10T02:17:51.381006,172.0,168.0,84.0
2024-09-10T02:17:51.632270,172.0,168.0,84.0
2024-09-10T02:17:51.881780,173.0,172.0,83.0
2024-09-10T02:17:52.880863,173.0,172.0,83.0
2024-09-10T02:17:53.398626,138.0,0.0,0.0
2024-09-10T02:17:53.624440,102.0,0.0,0.0
2024-09-10T02:17:53.887293,68.0,0.0,0.0
2024-09-10T02:17:54.113645,68.0,0.0,0.0
2024-09-10T02:17:55.104489,34.0,0.0,0.0
2024-09-10T02:17:55.377213,34.0,0.0,0.0
2024-09-10T02:17:55.628612,34.0,0.0,0.0
2024-09-10T02:17:55.876134,0.0,0.0,0.0
2024-09-10T02:17:56.122734,0.0,0.0,0.0
2024-09-10T02:17:56.373931,0.0,0.0,0.0
2024-09-10T02:17:57.373441,0.0,0.0,0.0
2024-09-10T02:17:57.621384,0.0,0.0,0.0
2024-09-10T02:17:57.878141,0.0,0.0,0.0
2024-09-10T02:17:58.126351,0.0,0.0,0.0
2024-09-10T02:17:58.372199,0.0,0.0,0.0
2024-09-10T02:17:58.622828,0.0,0.0,0.0
2024-09-10T02:17:59.618743,0.0,0.0,0.0
2024-09-10T02:17:59.867784,0.0,0.0,0.0
2024-09-10T02:18:00.120525,0.0,0.0,0.0
2024-09-10T02:18:00.372127,0.0,0.0,0.0
2024-09-10T02:18:00.620455,0.0,0.0,0.0
2024-09-10T02:18:00.867478,0.0,0.0,0.0
2024-09-10T02:18:01.868233,0.0,0.0,0.0
2024-09-10T02:18:02.116865,0.0,0.0,0.0
2024-09-10T02:18:02.368110,0.0,0.0,0.0
2024-09-10T02:18:02.618832,0.0,0.0,0.0
2024-09-10T02:18:02.865250,0.0,0.0,0.0
2024-09-10T02:18:03.119753,0.0,0.0,0.0
2024-09-10T02:18:04.364460,0.0,0.0,0.0
2024-09-10T02:18:04.614409,0.0,0.0,0.0
2024-09-10T02:18:04.866343,0.0,0.0,0.0
2024-09-10T02:18:05.112301,0.0,0.0,0.0
2024-09-10T02:18:05.365264,0.0,0.0,0.0
2024-09-10T02:18:06.610536,0.0,0.0,0.0
2024-09-10T02:18:06.859302,0.0,0.0,0.0
2024-09-10T02:18:07.110595,0.0,0.0,0.0
2024-09-10T02:18:07.359372,0.0,0.0,0.0
2024-09-10T02:18:07.611081,0.0,0.0,0.0
2024-09-10T02:18:08.858454,0.0,0.0,0.0
2024-09-10T02:18:09.356313,0.0,0.0,0.0
2024-09-10T02:18:09.602289,0.0,0.0,0.0
2024-09-10T02:18:09.863189,0.0,0.0,0.0
2024-09-10T02:18:10.108667,0.0,0.0,0.0
2024-09-10T02:18:11.367346,0.0,0.0,0.0
2024-09-10T02:18:11.604770,0.0,0.0,0.0
2024-09-10T02:18:11.852356,0.0,0.0,0.0
2024-09-10T02:18:12.114259,0.0,0.0,0.0
2024-09-10T02:18:12.338081,0.0,0.0,0.0
2024-09-10T02:18:13.601338,0.0,0.0,0.0
2024-09-10T02:18:13.825391,0.0,0.0,0.0
2024-09-10T02:18:14.101575,0.0,0.0,0.0
2024-09-10T02:18:14.350873,0.0,0.0,0.0
2024-09-10T02:18:14.603091,0.0,0.0,0.0
2024-09-10T02:18:15.847706,0.0,0.0,0.0
2024-09-10T02:18:16.098790,0.0,0.0,0.0
2024-09-10T02:18:16.350370,0.0,0.0,0.0
2024-09-10T02:18:16.599549,0.0,0.0,0.0
2024-09-10T02:18:16.846240,0.0,0.0,0.0
2024-09-10T02:18:18.099766,0.0,0.0,0.0
2024-09-10T02:18:18.344525,0.0,0.0,0.0
2024-09-10T02:18:18.595472,0.0,0.0,0.0
2024-09-10T02:18:18.851232,0.0,0.0,0.0
2024-09-10T02:18:19.093890,0.0,0.0,0.0
2024-09-10T02:18:20.343401,0.0,0.0,0.0
2024-09-10T02:18:20.592926,0.0,0.0,0.0
2024-09-10T02:18:20.842716,0.0,0.0,0.0
2024-09-10T02:18:21.092130,0.0,0.0,0.0
2024-09-10T02:18:21.340924,0.0,0.0,0.0
2024-09-10T02:18:22.589958,0.0,0.0,0.0
2024-09-10T02:18:22.843769,0.0,0.0,0.0
2024-09-10T02:18:23.092109,0.0,0.0,0.0
2024-09-10T02:18:23.337596,0.0,0.0,0.0
2024-09-10T02:18:23.587921,0.0,0.0,0.0
2024-09-10T02:18:24.835786,0.0,0.0,0.0
2024-09-10T02:18:25.086298,0.0,0.0,0.0
2024-09-10T02:18:25.336843,0.0,0.0,0.0
2024-09-10T02:18:25.585783,0.0,0.0,0.0
2024-09-10T02:18:25.840239,0.0,0.0,0.0
2024-09-10T02:18:27.084383,0.0,0.0,0.0
2024-09-10T02:18:27.333619,0.0,0.0,0.0
2024-09-10T02:18:27.583208,0.0,0.0,0.0
2024-09-10T02:18:27.834086,0.0,0.0,0.0
2024-09-10T02:18:28.079670,0.0,0.0,0.0
2024-09-10T02:18:28.334778,0.0,0.0,0.0
2024-09-10T02:18:29.594600,0.0,0.0,0.0
2024-09-10T02:18:29.822357,0.0,0.0,0.0
2024-09-10T02:18:30.087885,0.0,0.0,0.0
2024-09-10T02:18:30.323720,0.0,0.0,0.0
2024-09-10T02:18:30.562672,0.0,0.0,0.0
2024-09-10T02:18:31.562274,0.0,0.0,0.0
2024-09-10T02:18:31.830259,0.0,0.0,0.0
2024-09-10T02:18:32.078741,0.0,0.0,0.0
2024-09-10T02:18:32.327204,0.0,0.0,0.0
2024-09-10T02:18:32.583128,0.0,0.0,0.0
2024-09-10T02:18:32.835521,0.0,0.0,0.0
2024-09-10T02:18:33.833842,0.0,0.0,0.0
2024-09-10T02:18:34.080215,0.0,0.0,0.0
2024-09-10T02:18:34.334422,0.0,0.0,0.0
2024-09-10T02:18:34.573420,0.0,0.0,0.0
2024-09-10T02:18:34.829080,0.0,0.0,0.0
2024-09-10T02:18:35.077066,0.0,0.0,0.0
2024-09-10T02:18:36.076885,0.0,0.0,0.0
2024-09-10T02:18:36.326989,0.0,0.0,0.0
2024-09-10T02:18:36.575790,0.0,0.0,0.0
2024-09-10T02:18:36.834876,0.0,0.0,0.0
2024-09-10T02:18:37.075079,0.0,0.0,0.0
2024-09-10T02:18:37.325680,0.0,0.0,0.0
2024-09-10T02:18:38.322963,0.0,0.0,0.0
2024-09-10T02:18:38.575011,0.0,0.0,0.0
2024-09-10T02:18:38.817024,0.0,0.0,0.0
2024-09-10T02:18:39.071122,0.0,0.0,0.0
2024-09-10T02:18:39.311061,0.0,0.0,0.0
2024-09-10T02:18:39.572913,0.0,0.0,0.0
2024-09-10T02:18:40.573974,0.0,0.0,0.0
2024-09-10T02:18:40.815820,0.0,0.0,0.0
2024-09-10T02:18:41.065735,0.0,0.0,0.0
2024-09-10T02:18:41.320248,0.0,0.0,0.0
2024-09-10T02:18:41.567383,0.0,0.0,0.0
2024-09-10T02:18:41.814968,0.0,0.0,0.0
2024-09-10T02:18:42.813349,0.0,0.0,0.0
2024-09-10T02:18:43.061468,0.0,0.0,0.0
2024-09-10T02:18:43.312222,0.0,0.0,0.0
2024-09-10T02:18:43.564294,0.0,0.0,0.0
2024-09-10T02:18:43.813750,0.0,0.0,0.0
2024-09-10T02:18:44.052212,0.0,0.0,0.0
2024-09-10T02:18:45.311401,0.0,0.0,0.0
2024-09-10T02:18:45.555387,0.0,0.0,0.0
2024-09-10T02:18:45.810577,0.0,0.0,0.0
2024-09-10T02:18:46.064878,0.0,0.0,0.0
2024-09-10T02:18:46.309448,0.0,0.0,0.0
2024-09-10T02:18:46.558939,0.0,0.0,0.0
2024-09-10T02:18:47.555746,0.0,0.0,0.0
2024-09-10T02:18:47.811424,0.0,0.0,0.0
2024-09-10T02:18:48.032199,0.0,0.0,0.0
2024-09-10T02:18:48.290384,0.0,0.0,0.0
2024-09-10T02:18:48.534545,0.0,0.0,0.0
2024-09-10T02:18:48.824596,0.0,0.0,0.0
2024-09-10T02:18:49.805689,0.0,0.0,0.0
2024-09-10T02:18:50.058840,0.0,0.0,0.0
2024-09-10T02:18:50.306655,0.0,0.0,0.0
2024-09-10T02:18:50.554283,0.0,0.0,0.0
2024-09-10T02:18:50.805005,0.0,0.0,0.0
2024-09-10T02:18:51.055571,0.0,0.0,0.0
2024-09-10T02:18:52.300124,0.0,0.0,0.0
2024-09-10T02:18:52.541257,0.0,0.0,0.0
2024-09-10T02:18:52.801063,0.0,0.0,0.0
2024-09-10T02:18:53.052167,0.0,0.0,0.0
2024-09-10T02:18:53.299149,0.0,0.0,0.0
2024-09-10T02:18:53.547683,0.0,0.0,0.0
2024-09-10T02:18:54.545522,0.0,0.0,0.0
2024-09-10T02:18:54.797480,0.0,0.0,0.0
2024-09-10T02:18:55.048100,0.0,0.0,0.0
2024-09-10T02:18:55.300112,0.0,0.0,0.0
2024-09-10T02:18:55.549242,0.0,0.0,0.0
2024-09-10T02:18:55.797276,0.0,0.0,0.0
2024-09-10T02:18:56.796121,0.0,0.0,0.0
2024-09-10T02:18:57.046641,0.0,0.0,0.0
2024-09-10T02:18:57.294366,0.0,0.0,0.0
2024-09-10T02:18:57.551894,0.0,0.0,0.0
2024-09-10T02:18:57.801333,0.0,0.0,0.0
2024-09-10T02:18:58.044126,0.0,0.0,0.0
2024-09-10T02:18:59.293345,0.0,0.0,0.0
2024-09-10T02:18:59.542770,0.0,0.0,0.0
2024-09-10T02:18:59.801208,0.0,0.0,0.0
2024-09-10T02:19:00.049166,0.0,0.0,0.0
2024-09-10T02:19:00.294254,0.0,0.0,0.0
2024-09-10T02:19:00.543069,0.0,0.0,0.0
2024-09-10T02:19:01.539635,0.0,0.0,0.0
2024-09-10T02:19:01.788682,0.0,0.0,0.0
2024-09-10T02:19:02.041662,0.0,0.0,0.0
2024-09-10T02:19:02.288838,0.0,0.0,0.0
2024-09-10T02:19:02.539033,0.0,0.0,0.0
2024-09-10T02:19:02.788426,0.0,0.0,0.0
2024-09-10T02:19:03.788539,0.0,0.0,0.0
2024-09-10T02:19:04.037658,0.0,0.0,0.0
2024-09-10T02:19:04.289317,0.0,0.0,0.0
2024-09-10T02:19:04.541420,0.0,0.0,0.0
2024-09-10T02:19:04.787436,0.0,0.0,0.0
2024-09-10T02:19:05.040620,0.0,0.0,0.0
2024-09-10T02:19:06.285060,0.0,0.0,0.0
2024-09-10T02:19:06.521084,0.0,0.0,0.0
2024-09-10T02:19:06.770526,0.0,0.0,0.0
2024-09-10T02:19:07.035770,0.0,0.0,0.0
2024-09-10T02:19:07.289207,0.0,0.0,0.0
2024-09-10T02:19:07.533517,0.0,0.0,0.0
2024-09-10T02:19:08.532041,0.0,0.0,0.0
2024-09-10T02:19:08.783473,0.0,0.0,0.0
2024-09-10T02:19:09.033223,0.0,0.0,0.0
2024-09-10T02:19:09.281945,0.0,0.0,0.0
2024-09-10T02:19:09.533462,0.0,0.0,0.0
2024-09-10T02:19:09.780422,0.0,0.0,0.0
2024-09-10T02:19:10.778094,0.0,0.0,0.0
2024-09-10T02:19:11.031213,0.0,0.0,0.0
2024-09-10T02:19:11.279236,0.0,0.0,0.0
2024-09-10T02:19:11.546882,0.0,0.0,0.0
2024-09-10T02:19:11.786033,0.0,0.0,0.0
2024-09-10T02:19:12.032119,0.0,0.0,0.0
2024-09-10T02:19:13.279745,0.0,0.0,0.0
2024-09-10T02:19:13.524621,0.0,0.0,0.0
2024-09-10T02:19:13.775759,0.0,0.0,0.0
2024-09-10T02:19:14.027045,0.0,0.0,0.0
2024-09-10T02:19:14.276556,0.0,0.0,0.0
2024-09-10T02:19:14.527621,0.0,0.0,0.0
2024-09-10T02:19:15.524585,0.0,0.0,0.0
2024-09-10T02:19:15.773437,0.0,0.0,0.0
2024-09-10T02:19:16.022136,0.0,0.0,0.0
2024-09-10T02:19:16.273815,0.0,0.0,0.0
2024-09-10T02:19:16.523990,0.0,0.0,0.0
2024-09-10T02:19:16.772308,0.0,0.0,0.0
2024-09-10T02:19:17.770700,0.0,0.0,0.0
2024-09-10T02:19:18.019963,0.0,0.0,0.0
2024-09-10T02:19:18.270902,0.0,0.0,0.0
2024-09-10T02:19:18.518993,0.0,0.0,0.0
2024-09-10T02:19:18.769286,0.0,0.0,0.0
2024-09-10T02:19:19.019262,0.0,0.0,0.0
2024-09-10T02:19:20.272821,0.0,0.0,0.0
2024-09-10T02:19:20.521605,0.0,0.0,0.0
2024-09-10T02:19:20.769236,0.0,0.0,0.0
2024-09-10T02:19:21.017688,0.0,0.0,0.0
2024-09-10T02:19:21.269399,0.0,0.0,0.0
2024-09-10T02:19:21.532958,0.0,0.0,0.0
2024-09-10T02:19:22.521636,0.0,0.0,0.0
2024-09-10T02:19:22.765749,0.0,0.0,0.0
2024-09-10T02:19:23.017590,0.0,0.0,0.0
2024-09-10T02:19:23.538144,0.0,0.0,0.0
2024-09-10T02:19:23.767785,0.0,0.0,0.0
2024-09-10T02:19:24.749314,0.0,0.0,0.0
2024-09-10T02:19:25.010627,0.0,0.0,0.0
2024-09-10T02:19:25.240802,0.0,0.0,0.0
2024-09-10T02:19:25.495035,0.0,0.0,0.0
2024-09-10T02:19:25.742237,0.0,0.0,0.0
2024-09-10T02:19:26.013575,0.0,0.0,0.0
2024-09-10T02:19:27.258389,0.0,0.0,0.0
2024-09-10T02:19:27.510114,0.0,0.0,0.0
2024-09-10T02:19:27.759342,0.0,0.0,0.0
2024-09-10T02:19:28.008368,0.0,0.0,0.0
2024-09-10T02:19:28.258243,0.0,0.0,0.0
2024-09-10T02:19:28.509841,0.0,0.0,0.0
2024-09-10T02:19:29.511120,0.0,0.0,0.0
2024-09-10T02:19:29.755057,0.0,0.0,0.0
2024-09-10T02:19:30.006882,0.0,0.0,0.0
2024-09-10T02:19:30.256882,0.0,0.0,0.0
2024-09-10T02:19:30.511524,0.0,0.0,0.0
2024-09-10T02:19:30.755885,0.0,0.0,0.0
2024-09-10T02:19:31.764082,0.0,0.0,0.0
2024-09-10T02:19:32.002825,0.0,0.0,0.0
2024-09-10T02:19:32.252493,0.0,0.0,0.0
2024-09-10T02:19:32.503805,0.0,0.0,0.0
2024-09-10T02:19:32.752287,0.0,0.0,0.0
2024-09-10T02:19:33.004303,0.0,0.0,0.0
2024-09-10T02:19:34.251872,0.0,0.0,0.0
2024-09-10T02:19:34.501070,0.0,0.0,0.0
2024-09-10T02:19:34.749026,0.0,0.0,0.0
2024-09-10T02:19:35.001566,0.0,0.0,0.0
2024-09-10T02:19:35.248351,0.0,0.0,0.0
2024-09-10T02:19:35.500685,0.0,0.0,0.0
2024-09-10T02:19:36.496894,0.0,0.0,0.0
2024-09-10T02:19:36.754587,0.0,0.0,0.0
2024-09-10T02:19:36.998388,0.0,0.0,0.0
2024-09-10T02:19:37.249095,0.0,0.0,0.0
2024-09-10T02:19:37.502581,0.0,0.0,0.0
2024-09-10T02:19:37.752289,0.0,0.0,0.0
2024-09-10T02:19:38.994926,0.0,0.0,0.0
2024-09-10T02:19:39.246947,0.0,0.0,0.0
2024-09-10T02:19:39.508598,0.0,0.0,0.0
2024-09-10T02:19:39.744332,0.0,0.0,0.0
2024-09-10T02:19:39.996501,0.0,0.0,0.0
2024-09-10T02:19:41.506547,0.0,0.0,0.0
2024-09-10T02:19:41.742051,0.0,0.0,0.0
2024-09-10T02:19:41.984258,0.0,0.0,0.0
2024-09-10T02:19:42.236148,0.0,0.0,0.0
2024-09-10T02:19:42.479375,0.0,0.0,0.0
2024-09-10T02:19:43.473691,0.0,0.0,0.0
2024-09-10T02:19:43.738044,0.0,0.0,0.0
2024-09-10T02:19:43.998497,0.0,0.0,0.0
2024-09-10T02:19:44.237972,0.0,0.0,0.0
2024-09-10T02:19:44.489857,0.0,0.0,0.0
2024-09-10T02:19:44.738382,0.0,0.0,0.0
2024-09-10T02:19:45.737252,0.0,0.0,0.0
2024-09-10T02:19:45.989295,0.0,0.0,0.0
2024-09-10T02:19:46.237325,0.0,0.0,0.0
2024-09-10T02:19:46.487941,0.0,0.0,0.0
2024-09-10T02:19:46.730355,0.0,0.0,0.0
2024-09-10T02:19:46.985327,0.0,0.0,0.0
2024-09-10T02:19:48.235615,0.0,0.0,0.0
2024-09-10T02:19:48.485884,0.0,0.0,0.0
2024-09-10T02:19:48.736835,0.0,0.0,0.0
2024-09-10T02:19:48.985504,0.0,0.0,0.0
2024-09-10T02:19:49.231509,0.0,0.0,0.0
2024-09-10T02:19:49.482422,0.0,0.0,0.0
2024-09-10T02:19:50.486386,0.0,0.0,0.0
2024-09-10T02:19:50.732120,0.0,0.0,0.0
2024-09-10T02:19:50.979707,0.0,0.0,0.0
2024-09-10T02:19:51.229466,0.0,0.0,0.0
2024-09-10T02:19:51.481362,0.0,0.0,0.0
2024-09-10T02:19:51.731016,0.0,0.0,0.0
2024-09-10T02:19:52.980208,0.0,0.0,0.0
2024-09-10T02:19:53.229066,0.0,0.0,0.0
2024-09-10T02:19:53.476409,0.0,0.0,0.0
2024-09-10T02:19:53.731541,0.0,0.0,0.0
2024-09-10T02:19:53.977383,0.0,0.0,0.0
2024-09-10T02:19:55.224454,0.0,0.0,0.0
2024-09-10T02:19:55.475451,0.0,0.0,0.0
2024-09-10T02:19:55.725593,0.0,0.0,0.0
2024-09-10T02:19:55.964187,0.0,0.0,0.0
2024-09-10T02:19:56.231091,0.0,0.0,0.0
2024-09-10T02:19:56.476314,0.0,0.0,0.0
2024-09-10T02:19:57.468208,0.0,0.0,0.0
2024-09-10T02:19:57.732673,0.0,0.0,0.0
2024-09-10T02:19:57.973263,0.0,0.0,0.0
2024-09-10T02:19:58.217617,0.0,0.0,0.0
2024-09-10T02:19:58.474424,0.0,0.0,0.0
2024-09-10T02:19:58.727065,0.0,0.0,0.0
2024-09-10T02:19:59.974003,0.0,0.0,0.0
2024-09-10T02:20:00.226130,0.0,0.0,0.0
2024-09-10T02:20:00.457078,0.0,0.0,0.0
2024-09-10T02:20:00.719131,0.0,0.0,0.0
2024-09-10T02:20:00.961343,0.0,0.0,0.0
2024-09-10T02:20:02.217622,0.0,0.0,0.0
2024-09-10T02:20:02.465108,0.0,0.0,0.0
2024-09-10T02:20:02.717423,0.0,0.0,0.0
2024-09-10T02:20:02.967004,0.0,0.0,0.0
2024-09-10T02:20:03.217477,0.0,0.0,0.0
2024-09-10T02:20:04.464117,0.0,0.0,0.0
2024-09-10T02:20:04.713700,0.0,0.0,0.0
2024-09-10T02:20:04.969195,0.0,0.0,0.0
2024-09-10T02:20:05.212537,0.0,0.0,0.0
2024-09-10T02:20:05.463389,0.0,0.0,0.0
2024-09-10T02:20:06.711415,0.0,0.0,0.0
2024-09-10T02:20:06.960932,0.0,0.0,0.0
2024-09-10T02:20:07.210484,0.0,0.0,0.0
2024-09-10T02:20:07.469222,0.0,0.0,0.0
2024-09-10T02:20:07.711939,0.0,0.0,0.0
2024-09-10T02:20:08.957155,0.0,0.0,0.0
2024-09-10T02:20:09.209694,0.0,0.0,0.0
2024-09-10T02:20:09.456135,0.0,0.0,0.0
2024-09-10T02:20:09.712447,0.0,0.0,0.0
2024-09-10T02:20:09.959945,0.0,0.0,0.0
2024-09-10T02:20:11.206398,0.0,0.0,0.0
2024-09-10T02:20:11.455725,0.0,0.0,0.0
2024-09-10T02:20:11.704238,0.0,0.0,0.0
2024-09-10T02:20:11.955331,0.0,0.0,0.0
2024-09-10T02:20:12.203213,0.0,0.0,0.0
2024-09-10T02:20:12.456151,0.0,0.0,0.0
2024-09-10T02:20:13.452973,0.0,0.0,0.0
2024-09-10T02:20:13.713029,0.0,0.0,0.0
2024-09-10T02:20:13.957126,0.0,0.0,0.0
2024-09-10T02:20:14.205748,0.0,0.0,0.0
2024-09-10T02:20:14.454881,0.0,0.0,0.0
2024-09-10T02:20:14.706683,0.0,0.0,0.0
2024-09-10T02:20:15.699226,0.0,0.0,0.0
2024-09-10T02:20:15.953374,0.0,0.0,0.0
2024-09-10T02:20:16.200613,0.0,0.0,0.0
2024-09-10T02:20:16.447052,0.0,0.0,0.0
2024-09-10T02:20:16.702286,0.0,0.0,0.0
2024-09-10T02:20:16.947197,0.0,0.0,0.0
2024-09-10T02:20:17.970997,0.0,0.0,0.0
2024-09-10T02:20:18.193107,0.0,0.0,0.0
2024-09-10T02:20:18.456433,0.0,0.0,0.0
2024-09-10T02:20:18.687516,0.0,0.0,0.0
2024-09-10T02:20:18.948295,0.0,0.0,0.0
2024-09-10T02:20:19.179231,0.0,0.0,0.0
2024-09-10T02:20:20.182801,0.0,0.0,0.0
2024-09-10T02:20:20.442213,0.0,0.0,0.0
2024-09-10T02:20:20.693094,0.0,0.0,0.0
2024-09-10T02:20:20.941622,0.0,0.0,0.0
2024-09-10T02:20:21.193739,0.0,0.0,0.0
2024-09-10T02:20:21.445223,0.0,0.0,0.0
2024-09-10T02:20:22.439559,0.0,0.0,0.0
2024-09-10T02:20:22.690548,0.0,0.0,0.0
2024-09-10T02:20:22.940528,0.0,0.0,0.0
2024-09-10T02:20:23.188924,0.0,0.0,0.0
2024-09-10T02:20:23.440578,0.0,0.0,0.0
2024-09-10T02:20:23.688503,0.0,0.0,0.0
2024-09-10T02:20:24.689231,0.0,0.0,0.0
2024-09-10T02:20:24.935669,0.0,0.0,0.0
2024-09-10T02:20:25.187963,0.0,0.0,0.0
2024-09-10T02:20:25.436564,0.0,0.0,0.0
2024-09-10T02:20:25.687351,0.0,0.0,0.0
2024-09-10T02:20:25.935476,0.0,0.0,0.0
2024-09-10T02:20:26.935531,0.0,0.0,0.0
2024-09-10T02:20:27.182492,0.0,0.0,0.0
2024-09-10T02:20:27.449080,0.0,0.0,0.0
2024-09-10T02:20:27.688719,0.0,0.0,0.0
2024-09-10T02:20:27.937936,0.0,0.0,0.0
2024-09-10T02:20:28.183295,0.0,0.0,0.0
2024-09-10T02:20:29.182281,0.0,0.0,0.0
2024-09-10T02:20:29.430725,0.0,0.0,0.0
2024-09-10T02:20:29.680892,0.0,0.0,0.0
2024-09-10T02:20:29.931145,0.0,0.0,0.0
2024-09-10T02:20:30.178900,0.0,0.0,0.0
2024-09-10T02:20:30.433095,0.0,0.0,0.0
2024-09-10T02:20:31.678669,0.0,0.0,0.0
2024-09-10T02:20:31.928781,0.0,0.0,0.0
2024-09-10T02:20:32.176251,0.0,0.0,0.0
2024-09-10T02:20:32.426582,0.0,0.0,0.0
2024-09-10T02:20:32.675499,0.0,0.0,0.0
2024-09-10T02:20:32.927657,0.0,0.0,0.0
2024-09-10T02:20:33.918638,0.0,0.0,0.0
2024-09-10T02:20:34.175965,0.0,0.0,0.0
2024-09-10T02:20:34.423392,0.0,0.0,0.0
2024-09-10T02:20:34.670222,0.0,0.0,0.0
2024-09-10T02:20:34.925185,0.0,0.0,0.0
2024-09-10T02:20:35.183664,0.0,0.0,0.0
2024-09-10T02:20:36.172406,0.0,0.0,0.0
2024-09-10T02:20:36.428566,0.0,0.0,0.0
2024-09-10T02:20:36.659846,0.0,0.0,0.0
2024-09-10T02:20:36.921471,0.0,0.0,0.0
2024-09-10T02:20:37.157949,0.0,0.0,0.0
2024-09-10T02:20:37.408697,0.0,0.0,0.0
2024-09-10T02:20:38.670587,0.0,0.0,0.0
2024-09-10T02:20:38.920268,0.0,0.0,0.0
2024-09-10T02:20:39.168130,0.0,0.0,0.0
2024-09-10T02:20:39.668315,0.0,0.0,0.0
2024-09-10T02:20:41.170269,0.0,0.0,0.0
2024-09-10T02:20:49.907195,0.0,0.0,0.0
2024-09-10T02:20:50.154969,0.0,0.0,0.0
2024-09-10T02:21:17.620806,0.0,0.0,0.0
2024-09-10T02:21:18.869374,0.0,0.0,0.0
2024-09-10T02:21:20.618244,0.0,0.0,0.0
2024-09-10T02:21:21.116157,0.0,0.0,0.0
2024-09-10T02:21:23.125205,0.0,0.0,0.0
2024-09-10T02:21:24.869939,0.0,0.0,0.0
2024-09-10T02:21:25.365153,0.0,0.0,0.0
2024-09-10T02:21:25.611841,0.0,0.0,0.0
2024-09-10T02:21:25.864552,0.0,0.0,0.0
2024-09-10T02:21:27.108681,0.0,0.0,0.0
2024-09-10T02:21:27.360739,0.0,0.0,0.0
2024-09-10T02:21:29.356090,0.0,0.0,0.0
2024-09-10T02:21:29.607303,0.0,0.0,0.0
2024-09-10T02:21:29.864511,0.0,0.0,0.0
2024-09-10T02:21:30.095535,0.0,0.0,0.0
2024-09-10T02:21:32.852661,0.0,0.0,0.0
2024-09-10T02:21:34.348419,0.0,0.0,0.0
2024-09-10T02:21:36.595815,0.0,0.0,0.0
2024-09-10T02:21:37.096098,0.0,0.0,0.0
2024-09-10T02:21:38.344071,0.0,0.0,0.0
2024-09-10T02:21:39.091784,0.0,0.0,0.0
2024-09-10T02:21:40.840581,0.0,0.0,0.0
2024-09-10T02:21:41.090904,0.0,0.0,0.0
2024-09-10T02:21:43.337832,0.0,0.0,0.0
2024-09-10T02:21:43.590452,0.0,0.0,0.0
2024-09-10T02:21:43.836881,0.0,0.0,0.0
2024-09-10T02:21:46.585810,0.0,0.0,0.0
2024-09-10T02:21:50.079208,0.0,0.0,0.0
2024-09-10T02:21:52.328557,0.0,0.0,0.0
2024-09-10T02:21:52.576607,0.0,0.0,0.0
2024-09-10T02:21:52.826651,0.0,0.0,0.0
2024-09-10T02:21:54.586574,0.0,0.0,0.0
2024-09-10T02:21:54.825602,0.0,0.0,0.0
2024-09-10T02:21:55.072720,0.0,0.0,0.0
2024-09-10T02:21:55.323406,0.0,0.0,0.0
2024-09-10T02:21:55.823072,0.0,0.0,0.0
2024-09-10T02:21:57.321993,0.0,0.0,0.0
2024-09-10T02:21:58.064223,0.0,0.0,0.0
2024-09-10T02:21:59.320143,0.0,0.0,0.0
2024-09-10T02:21:59.569693,0.0,0.0,0.0
2024-09-10T02:22:00.069327,0.0,0.0,0.0
2024-09-10T02:22:00.567760,0.0,0.0,0.0
2024-09-10T02:22:02.563402,0.0,0.0,0.0
2024-09-10T02:22:05.068007,0.0,0.0,0.0
2024-09-10T02:22:05.331122,0.0,0.0,0.0
2024-09-10T02:22:08.806605,0.0,0.0,0.0
2024-09-10T02:22:09.057611,0.0,0.0,0.0
2024-09-10T02:22:09.307502,0.0,0.0,0.0
2024-09-10T02:22:15.299083,0.0,0.0,0.0
2024-09-10T02:22:15.799087,0.0,0.0,0.0
2024-09-10T02:22:16.049956,0.0,0.0,0.0
2024-09-10T02:22:16.297650,0.0,0.0,0.0
2024-09-10T02:22:16.549028,0.0,0.0,0.0
2024-09-10T02:22:16.796932,0.0,0.0,0.0
2024-09-10T02:22:18.296070,0.0,0.0,0.0
2024-09-10T02:22:18.544633,0.0,0.0,0.0
2024-09-10T02:22:18.794942,0.0,0.0,0.0
2024-09-10T02:22:19.045616,0.0,0.0,0.0
2024-09-10T02:22:19.295097,0.0,0.0,0.0
2024-09-10T02:22:20.292937,0.0,0.0,0.0
2024-09-10T02:22:20.542706,0.0,0.0,0.0
2024-09-10T02:22:20.792295,0.0,0.0,0.0
2024-09-10T02:22:21.043235,0.0,0.0,0.0
2024-09-10T02:22:21.541940,0.0,0.0,0.0
2024-09-10T02:22:23.043446,0.0,0.0,0.0
2024-09-10T02:22:27.035980,0.0,0.0,0.0
2024-09-10T02:22:34.030721,0.0,0.0,0.0
2024-09-10T02:22:35.274433,0.0,0.0,0.0
2024-09-10T02:24:29.895533,0.0,0.0,0.0
2024-09-10T02:24:30.393304,0.0,0.0,0.0
2024-09-10T02:24:30.642890,0.0,0.0,0.0
2024-09-10T02:24:30.892609,0.0,0.0,0.0
2024-09-10T02:24:31.642779,0.0,0.0,0.0
2024-09-10T02:24:32.642332,0.0,0.0,0.0
2024-09-10T02:24:32.891325,0.0,0.0,0.0
2024-09-10T02:24:33.140954,0.0,0.0,0.0
2024-09-10T02:24:33.639601,0.0,0.0,0.0
2024-09-10T02:24:33.888439,0.0,0.0,0.0
                                                                                                                                                                                                                                                                                                                                                                                                                                             